10/15/2017, 16/42/40, BTC,0 ,N/A,5685.29,LTC,0 ,N/A,65.3997,ETH,0 ,N/A,335.408,
10/15/2017, 16/43/12, BTC,31 ,0.15,5685.29,LTC,0 ,N/A,65.3997,ETH,9 ,0.17,335.408,
10/15/2017, 16/43/43, BTC,35 ,0.22,5685.29,LTC,6 ,0.33,65.3997,ETH,14 ,0.19,335.408,
10/15/2017, 16/44/15, BTC,48 ,0.2,5685.29,LTC,8 ,0.08,65.3997,ETH,19 ,0.06,335.408,
10/15/2017, 16/44/46, BTC,63 ,0.12,5686.18,LTC,6 ,0.09,65.3143,ETH,23 ,0.01,335.067,
10/15/2017, 16/45/16, BTC,48 ,0.12,5686.18,LTC,4 ,0.21,65.3143,ETH,22 ,0.18,335.067,
10/15/2017, 16/45/46, BTC,45 ,0.16,5686.18,LTC,5 ,0.15,65.3143,ETH,13 ,0.17,335.067,
10/15/2017, 16/46/16, BTC,50 ,0.16,5686.18,LTC,2 ,0.41,65.3143,ETH,15 ,0.14,335.067,
10/15/2017, 16/46/47, BTC,24 ,0.23,5686.18,LTC,0 ,N/A,65.3143,ETH,9 ,0.19,335.067,
10/15/2017, 16/47/17, BTC,45 ,0.2,5686.18,LTC,4 ,0.27,65.3143,ETH,27 ,0.29,335.067,
10/15/2017, 16/47/48, BTC,44 ,0.15,5686.18,LTC,4 ,0.27,65.3143,ETH,28 ,0.18,335.067,
10/15/2017, 16/48/18, BTC,43 ,0.14,5686.18,LTC,8 ,0.23,65.3143,ETH,14 ,0.07,335.067,
10/15/2017, 16/48/53, BTC,42 ,0.03,5686.18,LTC,3 ,0.0,65.3143,ETH,16 ,0.18,335.067,
10/15/2017, 16/49/24, BTC,43 ,0.11,5686.18,LTC,4 ,0.1,65.3143,ETH,17 ,0.16,335.067,
10/15/2017, 16/49/54, BTC,29 ,0.11,5686.18,LTC,3 ,0.11,65.3143,ETH,19 ,0.25,335.067,
10/15/2017, 16/50/24, BTC,38 ,0.1,5686.18,LTC,4 ,0.18,65.3143,ETH,18 ,0.16,335.067,
10/15/2017, 16/50/54, BTC,33 ,0.06,5680.33,LTC,3 ,0.27,65.5115,ETH,24 ,0.21,335.567,
10/15/2017, 16/51/24, BTC,33 ,0.21,5680.33,LTC,5 ,0.35,65.5115,ETH,15 ,0.12,335.567,
10/15/2017, 16/51/55, BTC,36 ,0.08,5680.33,LTC,5 ,0.24,65.5115,ETH,26 ,0.2,335.567,
10/15/2017, 16/52/25, BTC,48 ,0.0,5680.33,LTC,11 ,0.1,65.5115,ETH,26 ,0.15,335.567,
10/15/2017, 16/52/56, BTC,29 ,0.13,5680.33,LTC,8 ,0.17,65.5115,ETH,7 ,0.07,335.567,
10/15/2017, 16/53/28, BTC,31 ,-0.01,5680.33,LTC,5 ,0.13,65.5115,ETH,17 ,0.12,335.567,
10/15/2017, 16/53/59, BTC,30 ,0.07,5680.33,LTC,4 ,-0.05,65.5115,ETH,17 ,0.16,335.567,
10/15/2017, 16/54/30, BTC,39 ,0.11,5680.33,LTC,6 ,0.09,65.5115,ETH,19 ,0.12,335.567,
10/15/2017, 16/55/00, BTC,35 ,0.14,5676.0,LTC,3 ,0.0,65.458,ETH,15 ,0.04,335.998,
10/15/2017, 16/55/31, BTC,42 ,0.08,5676.0,LTC,5 ,0.26,65.458,ETH,13 ,0.24,335.998,
10/15/2017, 16/56/01, BTC,23 ,0.23,5676.0,LTC,2 ,-0.18,65.458,ETH,16 ,0.16,335.998,
10/15/2017, 16/56/31, BTC,29 ,0.2,5676.0,LTC,2 ,0.0,65.458,ETH,14 ,0.18,335.998,
10/15/2017, 16/57/01, BTC,20 ,0.17,5676.0,LTC,4 ,0.15,65.458,ETH,16 ,0.16,335.998,
10/15/2017, 16/57/31, BTC,44 ,0.21,5676.0,LTC,6 ,0.16,65.458,ETH,23 ,0.07,335.998,
10/15/2017, 16/58/03, BTC,65 ,0.13,5676.0,LTC,5 ,0.18,65.458,ETH,24 ,0.18,335.998,
10/15/2017, 16/58/34, BTC,30 ,0.08,5676.0,LTC,4 ,0.3,65.458,ETH,17 ,0.01,335.998,
10/15/2017, 16/59/04, BTC,39 ,0.11,5676.0,LTC,7 ,0.32,65.458,ETH,20 ,0.28,335.998,
10/15/2017, 16/59/36, BTC,24 ,0.08,5676.0,LTC,2 ,0.42,65.458,ETH,20 ,0.19,335.998,
10/15/2017, 17/00/06, BTC,67 ,0.02,5676.0,LTC,7 ,0.12,65.458,ETH,33 ,0.06,335.998,
10/15/2017, 17/00/37, BTC,94 ,0.14,5676.0,LTC,17 ,0.06,65.458,ETH,44 ,0.06,335.998,
10/15/2017, 17/01/07, BTC,76 ,0.09,5678.19,LTC,11 ,0.02,65.4674,ETH,29 ,0.04,336.595,
10/15/2017, 17/01/38, BTC,40 ,0.1,5678.19,LTC,4 ,0.33,65.4674,ETH,19 ,0.19,336.595,
10/15/2017, 17/02/08, BTC,47 ,0.2,5678.19,LTC,4 ,0.09,65.4674,ETH,19 ,0.23,336.595,
10/15/2017, 17/02/39, BTC,53 ,0.1,5678.19,LTC,6 ,0.19,65.4674,ETH,20 ,0.14,336.595,
10/15/2017, 17/03/10, BTC,31 ,0.05,5678.19,LTC,8 ,0.34,65.4674,ETH,12 ,0.1,336.595,
10/15/2017, 17/03/40, BTC,51 ,0.12,5678.19,LTC,5 ,0.11,65.4674,ETH,20 ,0.12,336.595,
10/15/2017, 17/04/10, BTC,34 ,0.21,5678.19,LTC,4 ,0.0,65.4674,ETH,9 ,0.17,336.595,
10/15/2017, 17/04/41, BTC,36 ,0.11,5678.19,LTC,7 ,0.1,65.4674,ETH,11 ,0.2,336.595,
10/15/2017, 17/05/11, BTC,31 ,0.06,5687.57,LTC,3 ,0.33,65.7183,ETH,14 ,0.19,336.711,
10/15/2017, 17/05/42, BTC,32 ,0.11,5687.57,LTC,6 ,0.25,65.7183,ETH,19 ,0.11,336.711,
10/15/2017, 17/06/13, BTC,26 ,0.2,5687.57,LTC,3 ,0.53,65.7183,ETH,5 ,0.28,336.711,
10/15/2017, 17/06/45, BTC,32 ,0.16,5687.57,LTC,6 ,0.21,65.7183,ETH,7 ,0.22,336.711,
10/15/2017, 17/07/17, BTC,29 ,0.14,5687.57,LTC,2 ,0.53,65.7183,ETH,5 ,0.16,336.711,
10/15/2017, 17/07/47, BTC,22 ,0.23,5687.57,LTC,1 ,0.0,65.7183,ETH,12 ,0.06,336.711,
10/15/2017, 17/08/17, BTC,29 ,0.12,5687.57,LTC,0 ,N/A,65.7183,ETH,13 ,0.14,336.711,
10/15/2017, 17/08/48, BTC,35 ,0.11,5687.57,LTC,2 ,0.0,65.7183,ETH,15 ,0.28,336.711,
10/15/2017, 17/09/19, BTC,57 ,0.08,5687.57,LTC,10 ,0.16,65.7183,ETH,20 ,0.09,336.711,
10/15/2017, 17/09/49, BTC,40 ,0.07,5687.57,LTC,3 ,0.5,65.7183,ETH,21 ,0.08,336.711,
10/15/2017, 17/10/19, BTC,50 ,0.1,5687.57,LTC,5 ,0.27,65.7183,ETH,13 ,0.3,336.711,
10/15/2017, 17/10/49, BTC,73 ,0.11,5687.57,LTC,12 ,0.14,65.7183,ETH,25 ,0.07,336.711,
10/15/2017, 17/11/20, BTC,48 ,0.25,5697.52,LTC,5 ,0.34,65.9673,ETH,19 ,0.18,336.776,
10/15/2017, 17/11/52, BTC,84 ,0.08,5697.52,LTC,3 ,0.0,65.9673,ETH,23 ,0.22,336.776,
10/15/2017, 17/12/22, BTC,45 ,0.13,5697.52,LTC,4 ,0.03,65.9673,ETH,25 ,0.26,336.776,
10/15/2017, 17/12/54, BTC,50 ,0.05,5697.52,LTC,5 ,0.11,65.9673,ETH,26 ,0.14,336.776,
10/15/2017, 17/13/24, BTC,28 ,0.04,5697.52,LTC,4 ,0.18,65.9673,ETH,12 ,0.12,336.776,
10/15/2017, 17/13/55, BTC,50 ,0.18,5697.52,LTC,5 ,0.21,65.9673,ETH,22 ,0.07,336.776,
10/15/2017, 17/14/26, BTC,34 ,0.06,5697.52,LTC,6 ,0.31,65.9673,ETH,15 ,0.2,336.776,
10/15/2017, 17/14/56, BTC,52 ,0.11,5699.69,LTC,3 ,0.14,66.1394,ETH,21 ,0.2,337.057,
10/15/2017, 17/15/28, BTC,57 ,0.11,5699.69,LTC,11 ,0.14,66.1394,ETH,13 ,-0.03,337.057,
10/15/2017, 17/15/58, BTC,53 ,0.1,5699.69,LTC,1 ,0.36,66.1394,ETH,12 ,0.07,337.057,
10/15/2017, 17/16/29, BTC,46 ,0.08,5699.69,LTC,4 ,-0.07,66.1394,ETH,21 ,0.14,337.057,
10/15/2017, 17/17/00, BTC,15 ,0.18,5699.69,LTC,1 ,-0.1,66.1394,ETH,17 ,0.11,337.057,
10/15/2017, 17/17/30, BTC,44 ,0.21,5699.69,LTC,5 ,0.01,66.1394,ETH,14 ,0.15,337.057,
10/15/2017, 17/18/01, BTC,36 ,0.15,5699.69,LTC,4 ,0.39,66.1394,ETH,19 ,0.27,337.057,
10/15/2017, 17/18/31, BTC,44 ,0.09,5699.69,LTC,4 ,0.14,66.1394,ETH,11 ,0.08,337.057,
10/15/2017, 17/19/03, BTC,35 ,0.33,5699.69,LTC,7 ,0.4,66.1394,ETH,17 ,0.28,337.057,
10/15/2017, 17/19/33, BTC,35 ,0.11,5699.69,LTC,2 ,0.29,66.1394,ETH,27 ,0.18,337.057,
10/15/2017, 17/20/04, BTC,45 ,0.13,5699.69,LTC,8 ,0.21,66.1394,ETH,29 ,0.16,337.057,
10/15/2017, 17/20/34, BTC,47 ,0.03,5699.69,LTC,3 ,0.15,66.1394,ETH,27 ,0.13,337.057,
10/15/2017, 17/21/05, BTC,44 ,0.06,5697.36,LTC,5 ,0.12,65.8465,ETH,19 ,0.2,336.907,
10/15/2017, 17/21/35, BTC,64 ,0.12,5697.36,LTC,8 ,0.27,65.8465,ETH,34 ,0.23,336.907,
10/15/2017, 17/22/05, BTC,43 ,0.13,5697.36,LTC,12 ,0.31,65.8465,ETH,37 ,0.25,336.907,
10/15/2017, 17/22/36, BTC,53 ,0.09,5697.36,LTC,4 ,0.16,65.8465,ETH,23 ,0.26,336.907,
10/15/2017, 17/23/06, BTC,34 ,0.18,5697.36,LTC,3 ,0.0,65.8465,ETH,18 ,0.24,336.907,
10/15/2017, 17/23/36, BTC,35 ,0.04,5697.36,LTC,6 ,0.0,65.8465,ETH,17 ,0.02,336.907,
10/15/2017, 17/24/07, BTC,52 ,0.06,5697.36,LTC,6 ,-0.05,65.8465,ETH,17 ,-0.0,336.907,
10/15/2017, 17/24/37, BTC,44 ,0.2,5697.36,LTC,2 ,0.18,65.8465,ETH,23 ,0.15,336.907,
10/15/2017, 17/25/08, BTC,32 ,0.12,5685.19,LTC,4 ,0.02,65.8091,ETH,32 ,0.05,336.21,
10/15/2017, 17/25/38, BTC,37 ,0.07,5685.19,LTC,3 ,0.12,65.8091,ETH,23 ,0.12,336.21,
10/15/2017, 17/26/08, BTC,28 ,0.18,5685.19,LTC,1 ,0.0,65.8091,ETH,21 ,0.28,336.21,
10/15/2017, 17/26/41, BTC,51 ,0.12,5685.19,LTC,3 ,-0.0,65.8091,ETH,18 ,0.11,336.21,
10/15/2017, 17/27/11, BTC,21 ,0.02,5685.19,LTC,2 ,0.38,65.8091,ETH,12 ,0.01,336.21,
10/15/2017, 17/27/41, BTC,32 ,0.02,5685.19,LTC,1 ,0.0,65.8091,ETH,18 ,0.05,336.21,
10/15/2017, 17/28/11, BTC,26 ,0.27,5685.19,LTC,2 ,0.15,65.8091,ETH,20 ,0.14,336.21,
10/15/2017, 17/28/43, BTC,25 ,0.13,5685.19,LTC,2 ,0.18,65.8091,ETH,17 ,0.17,336.21,
10/15/2017, 17/29/15, BTC,44 ,0.07,5685.19,LTC,4 ,-0.05,65.8091,ETH,21 ,0.2,336.21,
10/15/2017, 17/29/46, BTC,29 ,0.07,5685.19,LTC,2 ,0.15,65.8091,ETH,22 ,0.19,336.21,
10/15/2017, 17/30/16, BTC,71 ,0.04,5685.19,LTC,6 ,0.08,65.8091,ETH,24 ,0.1,336.21,
10/15/2017, 17/30/46, BTC,91 ,0.01,5685.19,LTC,4 ,0.14,65.8091,ETH,26 ,0.13,336.21,
10/15/2017, 17/31/16, BTC,70 ,0.05,5687.74,LTC,5 ,0.27,65.9978,ETH,29 ,0.17,336.136,
10/15/2017, 17/31/48, BTC,48 ,0.08,5687.74,LTC,9 ,0.22,65.9978,ETH,23 ,0.13,336.136,
10/15/2017, 17/32/18, BTC,52 ,0.16,5687.74,LTC,7 ,0.15,65.9978,ETH,48 ,0.13,336.136,
10/15/2017, 17/32/49, BTC,48 ,0.08,5687.74,LTC,7 ,0.33,65.9978,ETH,32 ,0.16,336.136,
10/15/2017, 17/33/21, BTC,55 ,0.07,5687.74,LTC,1 ,0.68,65.9978,ETH,27 ,0.12,336.136,
10/15/2017, 17/33/51, BTC,48 ,0.12,5687.74,LTC,3 ,0.08,65.9978,ETH,20 ,0.23,336.136,
10/15/2017, 17/34/21, BTC,49 ,0.12,5687.74,LTC,9 ,0.19,65.9978,ETH,28 ,0.22,336.136,
10/15/2017, 17/34/52, BTC,54 ,0.17,5687.74,LTC,8 ,0.28,65.9978,ETH,24 ,0.23,336.136,
10/15/2017, 17/35/22, BTC,50 ,0.16,5681.64,LTC,8 ,0.26,65.9567,ETH,37 ,0.14,336.505,
10/15/2017, 17/35/52, BTC,32 ,0.25,5681.64,LTC,6 ,0.29,65.9567,ETH,35 ,0.21,336.505,
10/15/2017, 17/36/24, BTC,48 ,0.13,5681.64,LTC,4 ,0.29,65.9567,ETH,27 ,0.09,336.505,
10/15/2017, 17/36/55, BTC,52 ,0.14,5681.64,LTC,8 ,0.17,65.9567,ETH,36 ,0.18,336.505,
10/15/2017, 17/37/25, BTC,43 ,0.18,5681.64,LTC,6 ,0.17,65.9567,ETH,34 ,0.11,336.505,
10/15/2017, 17/37/56, BTC,43 ,0.11,5681.64,LTC,3 ,0.0,65.9567,ETH,19 ,0.16,336.505,
10/15/2017, 17/38/26, BTC,54 ,0.09,5681.64,LTC,3 ,0.28,65.9567,ETH,22 ,0.13,336.505,
10/15/2017, 17/38/58, BTC,41 ,-0.02,5681.64,LTC,6 ,0.08,65.9567,ETH,27 ,0.17,336.505,
10/15/2017, 17/39/28, BTC,47 ,0.07,5690.7,LTC,5 ,0.12,66.0307,ETH,25 ,-0.03,336.66,
10/15/2017, 17/39/58, BTC,50 ,0.14,5690.7,LTC,2 ,0.3,66.0307,ETH,20 ,0.09,336.66,
10/15/2017, 17/40/29, BTC,55 ,0.14,5690.7,LTC,5 ,0.31,66.0307,ETH,35 ,0.32,336.66,
10/15/2017, 17/40/59, BTC,55 ,0.05,5690.7,LTC,6 ,0.15,66.0307,ETH,20 ,0.31,336.66,
10/15/2017, 17/41/31, BTC,38 ,0.1,5690.7,LTC,1 ,0.0,66.0307,ETH,10 ,0.05,336.66,
10/15/2017, 17/42/01, BTC,34 ,0.21,5690.7,LTC,3 ,0.35,66.0307,ETH,14 ,0.26,336.66,
10/15/2017, 17/42/31, BTC,39 ,0.09,5690.7,LTC,2 ,0.29,66.0307,ETH,10 ,0.32,336.66,
10/15/2017, 17/43/01, BTC,47 ,0.06,5690.7,LTC,4 ,0.28,66.0307,ETH,18 ,0.13,336.66,
10/15/2017, 17/43/31, BTC,49 ,0.04,5690.7,LTC,3 ,0.32,66.0307,ETH,22 ,0.33,336.66,
10/15/2017, 17/44/03, BTC,45 ,0.07,5690.7,LTC,13 ,0.08,66.0307,ETH,33 ,0.11,336.66,
10/15/2017, 17/44/33, BTC,38 ,0.01,5690.7,LTC,2 ,0.08,66.0307,ETH,12 ,0.28,336.66,
10/15/2017, 17/45/03, BTC,53 ,0.11,5690.7,LTC,5 ,0.24,66.0307,ETH,17 ,0.17,336.66,
10/15/2017, 17/45/34, BTC,63 ,0.09,5692.52,LTC,6 ,0.14,66.2351,ETH,26 ,0.21,337.03,
10/15/2017, 17/46/04, BTC,35 ,0.12,5692.52,LTC,3 ,0.13,66.2351,ETH,20 ,0.09,337.03,
10/15/2017, 17/46/35, BTC,39 ,0.05,5692.52,LTC,1 ,0.0,66.2351,ETH,32 ,0.16,337.03,
10/15/2017, 17/47/05, BTC,29 ,0.11,5692.52,LTC,2 ,0.18,66.2351,ETH,27 ,0.1,337.03,
10/15/2017, 17/47/35, BTC,59 ,0.19,5692.52,LTC,8 ,0.49,66.2351,ETH,22 ,0.24,337.03,
10/15/2017, 17/48/05, BTC,41 ,0.18,5692.52,LTC,4 ,0.3,66.2351,ETH,31 ,0.22,337.03,
10/15/2017, 17/48/36, BTC,35 ,0.01,5692.52,LTC,2 ,0.29,66.2351,ETH,21 ,0.16,337.03,
10/15/2017, 17/49/06, BTC,41 ,0.08,5692.52,LTC,2 ,0.0,66.2351,ETH,15 ,0.06,337.03,
10/15/2017, 17/49/36, BTC,60 ,0.13,5705.62,LTC,3 ,0.12,66.3358,ETH,39 ,0.13,337.435,
10/15/2017, 17/50/06, BTC,42 ,0.06,5705.62,LTC,5 ,-0.07,66.3358,ETH,37 ,0.13,337.435,
10/15/2017, 17/50/36, BTC,50 ,0.17,5705.62,LTC,6 ,0.27,66.3358,ETH,30 ,0.15,337.435,
10/15/2017, 17/51/07, BTC,42 ,0.02,5705.62,LTC,4 ,0.09,66.3358,ETH,32 ,0.03,337.435,
10/15/2017, 17/51/37, BTC,53 ,0.18,5705.62,LTC,9 ,0.22,66.3358,ETH,38 ,0.16,337.435,
10/15/2017, 17/52/07, BTC,41 ,0.07,5705.62,LTC,6 ,0.09,66.3358,ETH,31 ,-0.06,337.435,
10/15/2017, 17/52/39, BTC,40 ,0.07,5705.62,LTC,5 ,-0.02,66.3358,ETH,16 ,0.1,337.435,
10/15/2017, 17/53/09, BTC,26 ,0.24,5705.62,LTC,4 ,0.63,66.3358,ETH,14 ,0.35,337.435,
10/15/2017, 17/53/39, BTC,35 ,0.11,5705.62,LTC,2 ,0.0,66.3358,ETH,10 ,0.11,337.435,
10/15/2017, 17/54/15, BTC,34 ,0.02,5705.62,LTC,0 ,N/A,66.3358,ETH,13 ,0.07,337.435,
10/15/2017, 17/54/45, BTC,39 ,0.13,5705.62,LTC,2 ,0.34,66.3358,ETH,26 ,0.18,337.435,
10/15/2017, 17/55/16, BTC,46 ,0.12,5705.62,LTC,7 ,0.1,66.3358,ETH,22 ,0.32,337.435,
10/15/2017, 17/55/52, BTC,36 ,0.12,5704.59,LTC,4 ,0.22,66.1599,ETH,13 ,0.24,337.957,
10/15/2017, 17/56/22, BTC,55 ,0.13,5704.59,LTC,11 ,0.2,66.1599,ETH,28 ,0.3,337.957,
10/15/2017, 17/56/53, BTC,39 ,0.13,5704.59,LTC,7 ,0.16,66.1599,ETH,20 ,0.28,337.957,
10/15/2017, 17/57/24, BTC,45 ,0.06,5704.59,LTC,7 ,0.31,66.1599,ETH,28 ,0.15,337.957,
10/15/2017, 17/57/54, BTC,28 ,0.06,5704.59,LTC,4 ,0.26,66.1599,ETH,20 ,0.06,337.957,
10/15/2017, 17/58/24, BTC,36 ,0.11,5704.59,LTC,4 ,0.09,66.1599,ETH,18 ,0.16,337.957,
10/15/2017, 17/58/55, BTC,26 ,0.14,5704.59,LTC,3 ,0.32,66.1599,ETH,21 ,0.12,337.957,
10/15/2017, 17/59/25, BTC,43 ,0.19,5704.59,LTC,1 ,0.0,66.1599,ETH,32 ,0.25,337.957,
10/15/2017, 17/59/58, BTC,32 ,0.14,5701.54,LTC,1 ,0.0,66.0309,ETH,18 ,0.19,338.144,
10/15/2017, 18/00/29, BTC,111 ,0.08,5701.54,LTC,12 ,0.06,66.0309,ETH,52 ,0.13,338.144,
10/15/2017, 18/00/59, BTC,51 ,0.08,5701.54,LTC,6 ,0.05,66.0309,ETH,17 ,0.19,338.144,
10/15/2017, 18/01/29, BTC,57 ,0.08,5701.54,LTC,10 ,0.08,66.0309,ETH,29 ,0.11,338.144,
10/15/2017, 18/01/59, BTC,63 ,0.18,5701.54,LTC,8 ,0.17,66.0309,ETH,15 ,0.21,338.144,
10/15/2017, 18/02/29, BTC,51 ,0.2,5701.54,LTC,4 ,0.36,66.0309,ETH,14 ,0.31,338.144,
10/15/2017, 18/03/00, BTC,69 ,0.13,5701.54,LTC,3 ,0.0,66.0309,ETH,11 ,0.29,338.144,
10/15/2017, 18/03/30, BTC,63 ,0.08,5701.54,LTC,9 ,0.22,66.0309,ETH,21 ,0.13,338.144,
10/15/2017, 18/04/00, BTC,43 ,0.13,5701.54,LTC,6 ,0.15,66.0309,ETH,15 ,0.01,338.144,
10/15/2017, 18/04/30, BTC,48 ,0.11,5701.54,LTC,2 ,0.15,66.0309,ETH,16 ,0.32,338.144,
10/15/2017, 18/05/01, BTC,41 ,0.14,5701.54,LTC,1 ,0.0,66.0309,ETH,17 ,0.31,338.144,
10/15/2017, 18/05/31, BTC,84 ,0.08,5701.54,LTC,5 ,0.16,66.0309,ETH,32 ,0.14,338.144,
10/15/2017, 18/06/01, BTC,52 ,0.09,5697.45,LTC,4 ,0.22,66.0525,ETH,22 ,0.25,338.25,
10/15/2017, 18/06/32, BTC,69 ,0.13,5697.45,LTC,7 ,0.37,66.0525,ETH,22 ,0.31,338.25,
10/15/2017, 18/07/02, BTC,67 ,0.12,5697.45,LTC,5 ,0.28,66.0525,ETH,25 ,0.25,338.25,
10/15/2017, 18/07/34, BTC,80 ,0.08,5697.45,LTC,3 ,0.44,66.0525,ETH,29 ,0.15,338.25,
10/15/2017, 18/08/05, BTC,48 ,0.17,5697.45,LTC,0 ,N/A,66.0525,ETH,16 ,0.34,338.25,
10/15/2017, 18/08/35, BTC,52 ,0.04,5697.45,LTC,7 ,0.25,66.0525,ETH,30 ,0.25,338.25,
10/15/2017, 18/09/05, BTC,47 ,0.06,5697.45,LTC,3 ,0.38,66.0525,ETH,12 ,0.28,338.25,
10/15/2017, 18/09/36, BTC,67 ,0.13,5697.45,LTC,3 ,0.12,66.0525,ETH,32 ,0.19,338.25,
10/15/2017, 18/10/06, BTC,51 ,0.13,5686.98,LTC,7 ,0.22,65.7477,ETH,26 ,0.11,338.896,
10/15/2017, 18/10/36, BTC,94 ,0.09,5686.98,LTC,4 ,0.11,65.7477,ETH,20 ,0.08,338.896,
10/15/2017, 18/11/06, BTC,61 ,0.05,5686.98,LTC,2 ,0.59,65.7477,ETH,26 ,0.07,338.896,
10/15/2017, 18/11/36, BTC,63 ,0.05,5686.98,LTC,4 ,0.36,65.7477,ETH,16 ,0.29,338.896,
10/15/2017, 18/12/07, BTC,49 ,0.03,5686.98,LTC,4 ,0.41,65.7477,ETH,17 ,0.23,338.896,
10/15/2017, 18/12/38, BTC,65 ,0.11,5686.98,LTC,3 ,0.08,65.7477,ETH,34 ,0.12,338.896,
10/15/2017, 18/13/08, BTC,49 ,0.08,5686.98,LTC,5 ,0.07,65.7477,ETH,23 ,0.22,338.896,
10/15/2017, 18/13/39, BTC,79 ,0.06,5686.98,LTC,2 ,0.08,65.7477,ETH,33 ,0.0,338.896,
10/15/2017, 18/14/09, BTC,51 ,0.07,5686.98,LTC,0 ,N/A,65.7477,ETH,19 ,0.02,338.896,
10/15/2017, 18/14/40, BTC,58 ,0.06,5686.98,LTC,5 ,0.0,65.7477,ETH,16 ,0.14,338.896,
10/15/2017, 18/15/10, BTC,84 ,0.09,5686.98,LTC,6 ,0.09,65.7477,ETH,28 ,0.12,338.896,
10/15/2017, 18/15/43, BTC,63 ,0.12,5686.98,LTC,7 ,0.24,65.7477,ETH,32 ,0.1,338.896,
10/15/2017, 18/16/13, BTC,42 ,0.15,5678.5,LTC,4 ,0.14,65.6776,ETH,29 ,0.1,339.206,
10/15/2017, 18/16/43, BTC,50 ,0.09,5678.5,LTC,4 ,0.17,65.6776,ETH,19 ,0.19,339.206,
10/15/2017, 18/17/14, BTC,43 ,0.12,5678.5,LTC,4 ,0.13,65.6776,ETH,27 ,0.15,339.206,
10/15/2017, 18/17/44, BTC,35 ,0.1,5678.5,LTC,3 ,0.23,65.6776,ETH,23 ,0.25,339.206,
10/15/2017, 18/18/14, BTC,22 ,0.21,5678.5,LTC,3 ,0.2,65.6776,ETH,31 ,0.11,339.206,
10/15/2017, 18/18/45, BTC,34 ,0.06,5678.5,LTC,4 ,0.27,65.6776,ETH,20 ,0.2,339.206,
10/15/2017, 18/19/16, BTC,43 ,0.24,5678.5,LTC,3 ,0.05,65.6776,ETH,20 ,0.15,339.206,
10/15/2017, 18/19/46, BTC,38 ,0.15,5678.5,LTC,4 ,0.23,65.6776,ETH,30 ,0.21,339.206,
10/15/2017, 18/20/16, BTC,52 ,0.11,5687.17,LTC,6 ,0.36,65.7864,ETH,24 ,0.15,339.186,
10/15/2017, 18/20/49, BTC,48 ,0.09,5687.17,LTC,12 ,0.16,65.7864,ETH,30 ,0.15,339.186,
10/15/2017, 18/21/19, BTC,39 ,0.12,5687.17,LTC,3 ,-0.28,65.7864,ETH,25 ,0.1,339.186,
10/15/2017, 18/21/50, BTC,22 ,0.25,5687.17,LTC,5 ,0.5,65.7864,ETH,19 ,0.19,339.186,
10/15/2017, 18/22/22, BTC,49 ,0.01,5687.17,LTC,1 ,0.36,65.7864,ETH,15 ,0.18,339.186,
10/15/2017, 18/22/53, BTC,45 ,0.05,5687.17,LTC,2 ,0.0,65.7864,ETH,36 ,0.24,339.186,
10/15/2017, 18/23/23, BTC,35 ,0.14,5687.17,LTC,3 ,0.27,65.7864,ETH,21 ,0.21,339.186,
10/15/2017, 18/23/54, BTC,47 ,0.16,5687.17,LTC,5 ,0.13,65.7864,ETH,34 ,0.11,339.186,
10/15/2017, 18/24/25, BTC,43 ,-0.0,5687.17,LTC,3 ,0.2,65.7864,ETH,29 ,0.03,339.186,
10/15/2017, 18/24/57, BTC,27 ,0.15,5687.17,LTC,6 ,0.12,65.7864,ETH,26 ,0.12,339.186,
10/15/2017, 18/25/27, BTC,28 ,0.16,5687.17,LTC,7 ,0.38,65.7864,ETH,31 ,0.28,339.186,
10/15/2017, 18/25/57, BTC,32 ,-0.0,5683.29,LTC,7 ,0.03,65.7054,ETH,25 ,0.18,339.799,
10/15/2017, 18/26/29, BTC,23 ,0.08,5683.29,LTC,1 ,0.15,65.7054,ETH,21 ,0.14,339.799,
10/15/2017, 18/26/59, BTC,25 ,0.16,5683.29,LTC,2 ,0.0,65.7054,ETH,9 ,0.19,339.799,
10/15/2017, 18/27/31, BTC,37 ,0.2,5683.29,LTC,7 ,0.23,65.7054,ETH,21 ,0.21,339.799,
10/15/2017, 18/28/01, BTC,35 ,0.04,5683.29,LTC,6 ,0.1,65.7054,ETH,23 ,0.11,339.799,
10/15/2017, 18/28/32, BTC,25 ,0.1,5683.29,LTC,2 ,-0.05,65.7054,ETH,15 ,-0.05,339.799,
10/15/2017, 18/29/03, BTC,30 ,0.12,5683.29,LTC,2 ,0.22,65.7054,ETH,4 ,0.28,339.799,
10/15/2017, 18/29/35, BTC,21 ,0.16,5683.29,LTC,3 ,0.55,65.7054,ETH,13 ,0.36,339.799,
10/15/2017, 18/30/05, BTC,44 ,0.06,5678.86,LTC,4 ,-0.11,65.4741,ETH,20 ,0.16,339.975,
10/15/2017, 18/30/36, BTC,77 ,0.1,5678.86,LTC,6 ,0.1,65.4741,ETH,22 ,0.13,339.975,
10/15/2017, 18/31/07, BTC,45 ,0.06,5678.86,LTC,6 ,0.36,65.4741,ETH,25 ,0.25,339.975,
10/15/2017, 18/31/37, BTC,34 ,0.09,5678.86,LTC,3 ,0.12,65.4741,ETH,12 ,0.3,339.975,
10/15/2017, 18/32/08, BTC,34 ,0.17,5678.86,LTC,5 ,0.06,65.4741,ETH,16 ,0.26,339.975,
10/15/2017, 18/32/39, BTC,35 ,0.12,5678.86,LTC,1 ,0.0,65.4741,ETH,27 ,0.15,339.975,
10/15/2017, 18/33/09, BTC,33 ,0.1,5678.86,LTC,2 ,0.0,65.4741,ETH,11 ,0.22,339.975,
10/15/2017, 18/33/42, BTC,55 ,0.09,5678.86,LTC,6 ,-0.07,65.4741,ETH,30 ,0.12,339.975,
10/15/2017, 18/34/12, BTC,35 ,0.05,5678.86,LTC,5 ,0.09,65.4741,ETH,24 ,0.22,339.975,
10/15/2017, 18/34/42, BTC,41 ,0.03,5678.86,LTC,5 ,0.13,65.4741,ETH,48 ,0.04,339.975,
10/15/2017, 18/35/13, BTC,55 ,0.12,5678.86,LTC,6 ,0.3,65.4741,ETH,44 ,0.17,339.975,
10/15/2017, 18/35/43, BTC,31 ,0.26,5678.86,LTC,6 ,0.45,65.4741,ETH,23 ,0.21,339.975,
10/15/2017, 18/36/13, BTC,27 ,0.09,5677.37,LTC,4 ,0.19,65.417,ETH,16 ,0.14,339.788,
10/15/2017, 18/36/44, BTC,46 ,0.12,5677.37,LTC,4 ,0.33,65.417,ETH,22 ,0.5,339.788,
10/15/2017, 18/37/14, BTC,38 ,0.05,5677.37,LTC,2 ,0.04,65.417,ETH,17 ,0.15,339.788,
10/15/2017, 18/37/46, BTC,28 ,0.02,5677.37,LTC,2 ,0.14,65.417,ETH,18 ,0.1,339.788,
10/15/2017, 18/38/16, BTC,38 ,0.09,5677.37,LTC,2 ,0.0,65.417,ETH,9 ,0.28,339.788,
10/15/2017, 18/38/46, BTC,29 ,0.19,5677.37,LTC,5 ,0.04,65.417,ETH,28 ,0.22,339.788,
10/15/2017, 18/39/17, BTC,32 ,0.08,5677.37,LTC,6 ,0.18,65.417,ETH,18 ,0.0,339.788,
10/15/2017, 18/39/50, BTC,35 ,-0.02,5677.37,LTC,5 ,0.21,65.417,ETH,17 ,0.02,339.788,
10/15/2017, 18/40/21, BTC,52 ,0.08,5673.32,LTC,9 ,0.17,65.3914,ETH,36 ,0.11,340.68,
10/15/2017, 18/40/52, BTC,47 ,0.03,5673.32,LTC,4 ,0.07,65.3914,ETH,20 ,0.21,340.68,
10/15/2017, 18/41/24, BTC,76 ,0.13,5673.32,LTC,7 ,0.03,65.3914,ETH,30 ,0.09,340.68,
10/15/2017, 18/41/54, BTC,40 ,0.09,5673.32,LTC,4 ,0.37,65.3914,ETH,35 ,0.12,340.68,
10/15/2017, 18/42/24, BTC,57 ,0.07,5673.32,LTC,5 ,-0.07,65.3914,ETH,22 ,0.0,340.68,
10/15/2017, 18/42/54, BTC,83 ,0.14,5673.32,LTC,2 ,-0.06,65.3914,ETH,22 ,0.01,340.68,
10/15/2017, 18/43/25, BTC,64 ,0.08,5673.32,LTC,6 ,0.0,65.3914,ETH,33 ,0.03,340.68,
10/15/2017, 18/43/55, BTC,61 ,0.12,5673.32,LTC,8 ,0.37,65.3914,ETH,17 ,0.06,340.68,
10/15/2017, 18/44/25, BTC,48 ,0.14,5673.32,LTC,3 ,0.28,65.3914,ETH,20 ,0.07,340.68,
10/15/2017, 18/44/55, BTC,44 ,0.17,5673.32,LTC,8 ,0.46,65.3914,ETH,23 ,0.25,340.68,
10/15/2017, 18/45/25, BTC,87 ,0.08,5673.32,LTC,11 ,0.2,65.3914,ETH,44 ,0.11,340.68,
10/15/2017, 18/45/55, BTC,46 ,0.07,5673.32,LTC,6 ,0.51,65.3914,ETH,15 ,0.25,340.68,
10/15/2017, 18/46/25, BTC,36 ,0.1,5679.62,LTC,5 ,0.31,65.2484,ETH,14 ,0.09,341.254,
10/15/2017, 18/46/56, BTC,49 ,0.18,5679.62,LTC,8 ,0.16,65.2484,ETH,18 ,0.08,341.254,
10/15/2017, 18/47/28, BTC,80 ,0.07,5679.62,LTC,4 ,0.34,65.2484,ETH,14 ,0.15,341.254,
10/15/2017, 18/48/00, BTC,37 ,0.14,5679.62,LTC,8 ,0.24,65.2484,ETH,19 ,0.14,341.254,
10/15/2017, 18/48/30, BTC,63 ,0.05,5679.62,LTC,6 ,-0.02,65.2484,ETH,26 ,0.04,341.254,
10/15/2017, 18/49/02, BTC,47 ,0.19,5679.62,LTC,3 ,0.31,65.2484,ETH,20 ,0.21,341.254,
10/15/2017, 18/49/32, BTC,62 ,0.08,5679.62,LTC,5 ,0.35,65.2484,ETH,22 ,0.14,341.254,
10/15/2017, 18/50/02, BTC,50 ,0.1,5679.62,LTC,0 ,N/A,65.2484,ETH,23 ,0.08,341.254,
10/15/2017, 18/50/33, BTC,61 ,0.13,5673.74,LTC,3 ,0.12,65.1725,ETH,38 ,0.21,341.26,
10/15/2017, 18/51/03, BTC,46 ,0.15,5673.74,LTC,10 ,0.14,65.1725,ETH,19 ,0.08,341.26,
10/15/2017, 18/51/33, BTC,54 ,0.22,5673.74,LTC,6 ,0.15,65.1725,ETH,29 ,0.33,341.26,
10/15/2017, 18/52/04, BTC,62 ,0.15,5673.74,LTC,5 ,0.08,65.1725,ETH,30 ,0.17,341.26,
10/15/2017, 18/52/34, BTC,57 ,0.1,5673.74,LTC,10 ,0.23,65.1725,ETH,35 ,0.29,341.26,
10/15/2017, 18/53/05, BTC,54 ,0.15,5673.74,LTC,1 ,0.34,65.1725,ETH,26 ,0.15,341.26,
10/15/2017, 18/53/35, BTC,62 ,0.14,5673.74,LTC,6 ,0.07,65.1725,ETH,22 ,0.12,341.26,
10/15/2017, 18/54/05, BTC,48 ,0.17,5673.74,LTC,4 ,0.34,65.1725,ETH,22 ,0.15,341.26,
10/15/2017, 18/54/36, BTC,64 ,0.07,5673.74,LTC,3 ,0.23,64.9425,ETH,29 ,0.13,341.26,
10/15/2017, 18/55/06, BTC,40 ,0.14,5673.74,LTC,3 ,0.3,64.9425,ETH,9 ,0.07,341.26,
10/15/2017, 18/55/36, BTC,42 ,0.13,5673.74,LTC,7 ,0.19,64.9425,ETH,20 ,0.21,341.26,
10/15/2017, 18/56/06, BTC,54 ,0.1,5673.74,LTC,7 ,0.04,64.9425,ETH,23 ,0.22,341.26,
10/15/2017, 18/56/40, BTC,52 ,0.14,5669.7,LTC,3 ,0.22,64.9425,ETH,20 ,0.46,341.051,
10/15/2017, 18/57/10, BTC,37 ,0.05,5669.7,LTC,2 ,0.0,64.9425,ETH,28 ,0.23,341.051,
10/15/2017, 18/57/40, BTC,50 ,0.16,5669.7,LTC,4 ,0.41,64.9425,ETH,17 ,0.27,341.051,
10/15/2017, 18/58/11, BTC,46 ,0.16,5669.7,LTC,2 ,0.29,64.9425,ETH,19 ,0.35,341.051,
10/15/2017, 18/58/41, BTC,45 ,0.09,5669.7,LTC,2 ,-0.05,64.9425,ETH,30 ,0.11,341.051,
10/15/2017, 18/59/11, BTC,50 ,0.04,5669.7,LTC,2 ,0.1,64.9425,ETH,24 ,0.28,341.051,
10/15/2017, 18/59/41, BTC,60 ,0.12,5669.7,LTC,3 ,0.15,64.9425,ETH,23 ,0.3,341.051,
10/15/2017, 19/00/11, BTC,95 ,0.09,5669.7,LTC,17 ,0.06,64.9425,ETH,44 ,0.11,341.051,
10/15/2017, 19/00/41, BTC,113 ,0.15,5672.8,LTC,10 ,-0.01,64.9661,ETH,30 ,0.13,341.311,
10/15/2017, 19/01/12, BTC,75 ,0.14,5672.8,LTC,13 ,0.15,64.9661,ETH,24 ,0.15,341.311,
10/15/2017, 19/01/42, BTC,106 ,0.17,5672.8,LTC,11 ,0.14,64.9661,ETH,35 ,0.13,341.311,
10/15/2017, 19/02/12, BTC,58 ,0.21,5672.8,LTC,9 ,0.46,64.9661,ETH,23 ,0.27,341.311,
10/15/2017, 19/02/42, BTC,65 ,0.16,5672.8,LTC,3 ,0.29,64.9661,ETH,17 ,0.35,341.311,
10/15/2017, 19/03/13, BTC,42 ,0.17,5672.8,LTC,3 ,0.0,64.9661,ETH,31 ,0.22,341.311,
10/15/2017, 19/03/43, BTC,46 ,0.14,5672.8,LTC,3 ,0.13,64.9661,ETH,26 ,0.01,341.311,
10/15/2017, 19/04/14, BTC,52 ,0.21,5672.8,LTC,3 ,0.12,64.9375,ETH,26 ,0.09,341.345,
10/15/2017, 19/04/44, BTC,50 ,0.13,5672.8,LTC,4 ,-0.09,64.9375,ETH,16 ,-0.03,341.345,
10/15/2017, 19/05/14, BTC,56 ,0.09,5672.8,LTC,11 ,0.16,64.9375,ETH,18 ,0.17,341.345,
10/15/2017, 19/05/45, BTC,62 ,0.07,5672.8,LTC,17 ,0.16,64.9375,ETH,31 ,0.12,341.345,
10/15/2017, 19/06/14, BTC,51 ,0.18,5672.77,LTC,7 ,0.11,64.9375,ETH,25 ,0.16,341.345,
10/15/2017, 19/06/45, BTC,60 ,0.11,5672.77,LTC,9 ,0.38,64.9375,ETH,19 ,0.24,341.345,
10/15/2017, 19/07/16, BTC,43 ,0.13,5672.77,LTC,11 ,0.19,64.9375,ETH,22 ,0.05,341.345,
10/15/2017, 19/07/46, BTC,59 ,0.15,5672.77,LTC,5 ,0.42,64.9375,ETH,45 ,0.1,341.345,
10/15/2017, 19/08/17, BTC,84 ,0.08,5672.77,LTC,14 ,0.09,64.9375,ETH,50 ,0.06,341.345,
10/15/2017, 19/08/48, BTC,57 ,0.17,5672.77,LTC,11 ,0.15,64.9375,ETH,33 ,0.24,341.345,
10/15/2017, 19/09/18, BTC,54 ,0.09,5672.77,LTC,16 ,0.23,64.9375,ETH,21 ,0.23,341.345,
10/15/2017, 19/09/48, BTC,83 ,0.05,5672.77,LTC,7 ,0.06,64.9375,ETH,36 ,0.09,341.345,
10/15/2017, 19/10/18, BTC,112 ,0.07,5672.77,LTC,8 ,0.16,64.9375,ETH,53 ,0.17,341.345,
10/15/2017, 19/10/48, BTC,105 ,0.15,5670.98,LTC,7 ,0.31,64.9982,ETH,59 ,0.21,342.063,
10/15/2017, 19/11/18, BTC,89 ,0.07,5670.98,LTC,7 ,0.04,64.9982,ETH,30 ,0.2,342.063,
10/15/2017, 19/11/48, BTC,61 ,0.13,5670.98,LTC,4 ,-0.2,64.9982,ETH,26 ,0.15,342.063,
10/15/2017, 19/12/19, BTC,59 ,0.16,5670.98,LTC,12 ,0.05,64.9982,ETH,34 ,0.04,342.063,
10/15/2017, 19/12/49, BTC,53 ,0.2,5670.98,LTC,6 ,0.17,64.9982,ETH,22 ,0.18,342.063,
10/15/2017, 19/13/20, BTC,72 ,0.07,5670.98,LTC,6 ,0.01,64.9982,ETH,23 ,0.11,342.063,
10/15/2017, 19/13/50, BTC,64 ,0.08,5670.98,LTC,4 ,0.0,64.9982,ETH,20 ,0.09,342.063,
10/15/2017, 19/14/22, BTC,65 ,0.1,5679.51,LTC,7 ,0.17,65.0201,ETH,19 ,0.06,343.154,
10/15/2017, 19/14/55, BTC,40 ,0.0,5679.51,LTC,4 ,0.15,65.0201,ETH,10 ,0.04,343.154,
10/15/2017, 19/15/25, BTC,58 ,0.08,5679.51,LTC,6 ,0.18,65.0201,ETH,21 ,0.13,343.154,
10/15/2017, 19/15/56, BTC,48 ,0.13,5679.51,LTC,1 ,0.0,65.0201,ETH,43 ,0.14,343.154,
10/15/2017, 19/16/26, BTC,50 ,0.13,5679.51,LTC,9 ,0.06,65.0201,ETH,21 ,0.07,343.154,
10/15/2017, 19/16/56, BTC,44 ,0.19,5679.51,LTC,3 ,0.35,65.0201,ETH,12 ,0.27,343.154,
10/15/2017, 19/17/26, BTC,49 ,0.14,5679.51,LTC,5 ,0.24,65.0201,ETH,21 ,0.19,343.154,
10/15/2017, 19/17/57, BTC,48 ,0.12,5679.51,LTC,2 ,0.65,65.0201,ETH,20 ,0.28,343.154,
10/15/2017, 19/18/27, BTC,45 ,0.07,5679.51,LTC,2 ,0.38,65.0201,ETH,22 ,0.02,343.154,
10/15/2017, 19/18/57, BTC,34 ,0.1,5679.51,LTC,1 ,0.0,65.0201,ETH,15 ,0.11,343.154,
10/15/2017, 19/19/27, BTC,38 ,0.13,5679.51,LTC,1 ,-0.13,65.0201,ETH,16 ,-0.02,343.154,
10/15/2017, 19/19/58, BTC,42 ,-0.01,5679.51,LTC,0 ,N/A,65.0201,ETH,23 ,0.07,343.154,
10/15/2017, 19/20/28, BTC,65 ,0.11,5679.51,LTC,3 ,0.24,65.0201,ETH,24 ,0.23,343.154,
10/15/2017, 19/20/58, BTC,47 ,0.12,5682.94,LTC,6 ,-0.03,65.0625,ETH,25 ,0.15,343.935,
10/15/2017, 19/21/29, BTC,31 ,0.18,5682.94,LTC,4 ,0.17,65.0625,ETH,30 ,0.07,343.935,
10/15/2017, 19/21/59, BTC,26 ,0.05,5682.94,LTC,0 ,N/A,65.0625,ETH,13 ,0.02,343.935,
10/15/2017, 19/22/31, BTC,51 ,0.17,5682.94,LTC,3 ,0.26,65.0625,ETH,19 ,0.24,343.935,
10/15/2017, 19/23/02, BTC,33 ,0.22,5682.94,LTC,2 ,0.0,65.0625,ETH,15 ,0.34,343.935,
10/15/2017, 19/23/33, BTC,54 ,0.1,5682.94,LTC,6 ,0.19,65.0625,ETH,22 ,0.2,343.935,
10/15/2017, 19/24/05, BTC,35 ,0.03,5682.94,LTC,7 ,0.26,65.0625,ETH,25 ,0.12,343.935,
10/15/2017, 19/24/35, BTC,52 ,0.03,5691.77,LTC,5 ,0.37,65.1584,ETH,25 ,0.26,344.42,
10/15/2017, 19/25/06, BTC,31 ,0.14,5691.77,LTC,4 ,0.08,65.1584,ETH,21 ,0.19,344.42,
10/15/2017, 19/25/38, BTC,39 ,-0.01,5691.77,LTC,5 ,0.12,65.1584,ETH,22 ,0.12,344.42,
10/15/2017, 19/26/08, BTC,30 ,0.11,5691.77,LTC,1 ,0.0,65.1584,ETH,19 ,0.24,344.42,
10/15/2017, 19/26/39, BTC,75 ,-0.11,5691.77,LTC,5 ,0.06,65.1584,ETH,10 ,0.31,344.42,
10/15/2017, 19/27/09, BTC,98 ,-0.28,5691.77,LTC,3 ,-0.07,65.1584,ETH,16 ,0.12,344.42,
10/15/2017, 19/27/39, BTC,102 ,-0.21,5691.77,LTC,4 ,0.02,65.1584,ETH,32 ,0.21,344.42,
10/15/2017, 19/28/09, BTC,64 ,-0.07,5691.77,LTC,2 ,0.34,65.1584,ETH,15 ,0.18,344.42,
10/15/2017, 19/28/39, BTC,60 ,0.01,5691.77,LTC,4 ,0.06,65.1584,ETH,28 ,0.11,344.42,
10/15/2017, 19/29/09, BTC,98 ,0.07,5691.77,LTC,3 ,0.15,65.1584,ETH,28 ,0.1,344.42,
10/15/2017, 19/29/39, BTC,180 ,0.04,5691.77,LTC,4 ,-0.02,65.1584,ETH,19 ,0.06,344.42,
10/15/2017, 19/30/09, BTC,210 ,0.06,5691.77,LTC,3 ,0.38,65.1584,ETH,58 ,0.18,344.42,
10/15/2017, 19/30/39, BTC,147 ,0.08,5690.34,LTC,6 ,0.01,65.1803,ETH,45 ,0.19,344.802,
10/15/2017, 19/31/09, BTC,135 ,0.08,5690.34,LTC,10 ,0.23,65.1803,ETH,32 ,0.18,344.802,
10/15/2017, 19/31/40, BTC,93 ,0.04,5690.34,LTC,4 ,0.36,65.1803,ETH,43 ,0.11,344.802,
10/15/2017, 19/32/10, BTC,94 ,0.03,5690.34,LTC,5 ,0.17,65.1803,ETH,20 ,0.07,344.802,
10/15/2017, 19/32/40, BTC,120 ,0.05,5690.34,LTC,3 ,0.21,65.1803,ETH,50 ,0.2,344.802,
10/15/2017, 19/33/11, BTC,130 ,-0.02,5690.34,LTC,3 ,0.0,65.1803,ETH,31 ,0.12,344.802,
10/15/2017, 19/33/41, BTC,116 ,-0.02,5690.34,LTC,3 ,0.09,65.1803,ETH,19 ,0.17,344.802,
10/15/2017, 19/34/11, BTC,78 ,0.03,5690.34,LTC,0 ,N/A,65.1803,ETH,10 ,0.04,344.802,
10/15/2017, 19/34/41, BTC,89 ,0.05,5691.94,LTC,10 ,0.01,64.908,ETH,30 ,0.11,345.922,
10/15/2017, 19/35/11, BTC,48 ,0.05,5691.94,LTC,3 ,0.12,64.908,ETH,29 ,0.24,345.922,
10/15/2017, 19/35/44, BTC,48 ,0.09,5691.94,LTC,5 ,0.33,64.908,ETH,55 ,0.06,345.922,
10/15/2017, 19/36/14, BTC,25 ,0.13,5691.94,LTC,2 ,0.01,64.908,ETH,20 ,0.21,345.922,
10/15/2017, 19/36/44, BTC,39 ,0.04,5691.94,LTC,2 ,0.02,64.908,ETH,23 ,0.04,345.922,
10/15/2017, 19/37/15, BTC,41 ,0.12,5691.94,LTC,4 ,0.05,64.908,ETH,27 ,0.1,345.922,
10/15/2017, 19/37/46, BTC,43 ,0.18,5691.94,LTC,8 ,0.16,64.908,ETH,33 ,0.26,345.922,
10/15/2017, 19/38/16, BTC,74 ,0.08,5691.94,LTC,2 ,0.38,64.908,ETH,23 ,0.27,345.922,
10/15/2017, 19/38/47, BTC,27 ,0.13,5691.94,LTC,6 ,0.1,64.908,ETH,19 ,0.27,345.922,
10/15/2017, 19/39/17, BTC,66 ,0.07,5691.94,LTC,6 ,0.24,64.908,ETH,58 ,0.09,345.922,
10/15/2017, 19/39/47, BTC,42 ,0.11,5691.94,LTC,4 ,0.07,64.908,ETH,36 ,0.19,345.922,
10/15/2017, 19/40/18, BTC,56 ,0.01,5691.94,LTC,5 ,0.07,64.908,ETH,27 ,-0.0,345.922,
10/15/2017, 19/40/50, BTC,43 ,0.18,5691.94,LTC,2 ,0.39,64.908,ETH,26 ,0.17,345.922,
10/15/2017, 19/41/20, BTC,48 ,0.12,5698.12,LTC,7 ,0.06,64.8237,ETH,38 ,0.09,346.142,
10/15/2017, 19/41/50, BTC,37 ,0.06,5698.12,LTC,3 ,0.47,64.8237,ETH,26 ,0.18,346.142,
10/15/2017, 19/42/20, BTC,53 ,0.06,5698.12,LTC,2 ,0.38,64.8237,ETH,23 ,0.09,346.142,
10/15/2017, 19/42/51, BTC,40 ,0.13,5698.12,LTC,9 ,0.25,64.8237,ETH,15 ,0.23,346.142,
10/15/2017, 19/43/22, BTC,51 ,0.08,5698.12,LTC,12 ,0.19,64.8237,ETH,31 ,0.13,346.142,
10/15/2017, 19/43/52, BTC,36 ,0.15,5698.12,LTC,1 ,0.59,64.8237,ETH,32 ,0.14,346.142,
10/15/2017, 19/44/22, BTC,45 ,0.03,5698.12,LTC,4 ,-0.22,64.8237,ETH,17 ,0.05,346.142,
10/15/2017, 19/44/52, BTC,25 ,0.13,5698.12,LTC,2 ,0.0,64.8237,ETH,17 ,0.08,346.142,
10/15/2017, 19/45/22, BTC,46 ,0.09,5697.45,LTC,8 ,0.18,64.7872,ETH,31 ,0.21,346.711,
10/15/2017, 19/45/53, BTC,52 ,0.06,5697.45,LTC,1 ,0.59,64.7872,ETH,28 ,0.15,346.711,
10/15/2017, 19/46/24, BTC,45 ,0.09,5697.45,LTC,2 ,0.54,64.7872,ETH,16 ,0.26,346.711,
10/15/2017, 19/46/55, BTC,40 ,0.14,5697.45,LTC,3 ,0.16,64.7872,ETH,23 ,0.28,346.711,
10/15/2017, 19/47/26, BTC,72 ,0.1,5697.45,LTC,5 ,0.17,64.7872,ETH,29 ,0.14,346.711,
10/15/2017, 19/47/58, BTC,52 ,0.21,5697.45,LTC,5 ,0.3,64.7872,ETH,19 ,0.17,346.711,
10/15/2017, 19/48/28, BTC,56 ,0.15,5697.45,LTC,9 ,0.19,64.7872,ETH,42 ,0.16,346.711,
10/15/2017, 19/48/58, BTC,35 ,0.09,5697.45,LTC,3 ,0.17,64.7872,ETH,33 ,0.06,346.711,
10/15/2017, 19/49/28, BTC,58 ,0.16,5697.45,LTC,6 ,0.16,64.7872,ETH,44 ,0.13,346.711,
10/15/2017, 19/49/59, BTC,56 ,0.13,5697.45,LTC,5 ,0.44,64.7872,ETH,17 ,0.12,346.711,
10/15/2017, 19/50/29, BTC,62 ,0.11,5697.45,LTC,8 ,0.33,64.7872,ETH,56 ,0.16,346.711,
10/15/2017, 19/51/00, BTC,54 ,0.18,5693.71,LTC,5 ,0.12,64.6387,ETH,43 ,0.2,347.805,
10/15/2017, 19/51/30, BTC,57 ,0.11,5693.71,LTC,12 ,0.04,64.6387,ETH,36 ,0.1,347.805,
10/15/2017, 19/52/01, BTC,25 ,0.17,5693.71,LTC,2 ,-0.14,64.6387,ETH,16 ,0.1,347.805,
10/15/2017, 19/52/31, BTC,52 ,0.09,5693.71,LTC,19 ,0.07,64.6387,ETH,43 ,0.13,347.805,
10/15/2017, 19/53/02, BTC,37 ,0.14,5693.71,LTC,4 ,0.22,64.6387,ETH,30 ,0.15,347.805,
10/15/2017, 19/53/32, BTC,36 ,0.15,5693.71,LTC,3 ,0.0,64.6387,ETH,31 ,0.08,347.805,
10/15/2017, 19/54/02, BTC,39 ,0.16,5693.71,LTC,3 ,0.45,64.6387,ETH,33 ,0.14,347.805,
10/15/2017, 19/54/32, BTC,38 ,0.06,5693.71,LTC,0 ,N/A,64.6387,ETH,23 ,0.08,347.805,
10/15/2017, 19/55/02, BTC,36 ,0.12,5688.99,LTC,0 ,N/A,64.2989,ETH,33 ,0.14,346.712,
10/15/2017, 19/55/32, BTC,48 ,0.08,5688.99,LTC,6 ,0.16,64.2989,ETH,37 ,0.09,346.712,
10/15/2017, 19/56/03, BTC,52 ,0.09,5688.99,LTC,13 ,0.09,64.2989,ETH,50 ,0.13,346.712,
10/15/2017, 19/56/34, BTC,47 ,0.06,5688.99,LTC,2 ,0.29,64.2989,ETH,37 ,0.08,346.712,
10/15/2017, 19/57/04, BTC,49 ,0.07,5688.99,LTC,4 ,0.09,64.2989,ETH,31 ,0.18,346.712,
10/15/2017, 19/57/34, BTC,47 ,0.11,5688.99,LTC,7 ,-0.03,64.2989,ETH,21 ,0.08,346.712,
10/15/2017, 19/58/07, BTC,21 ,0.13,5688.99,LTC,2 ,0.0,64.2989,ETH,19 ,0.12,346.712,
10/15/2017, 19/58/38, BTC,33 ,0.05,5688.99,LTC,2 ,0.07,64.2989,ETH,31 ,0.08,346.712,
10/15/2017, 19/59/08, BTC,38 ,0.05,5688.99,LTC,2 ,-0.08,64.2989,ETH,16 ,0.15,346.712,
10/15/2017, 19/59/39, BTC,40 ,0.1,5688.99,LTC,3 ,0.03,64.2989,ETH,14 ,0.25,346.712,
10/15/2017, 20/00/09, BTC,78 ,0.09,5688.99,LTC,11 ,0.16,64.2989,ETH,48 ,0.08,346.712,
10/15/2017, 20/00/39, BTC,96 ,0.07,5688.99,LTC,8 ,0.01,64.2989,ETH,30 ,0.13,346.712,
10/15/2017, 20/01/11, BTC,45 ,0.04,5678.46,LTC,5 ,0.02,64.3224,ETH,16 ,0.06,346.292,
10/15/2017, 20/01/42, BTC,79 ,0.08,5678.46,LTC,4 ,0.14,64.3224,ETH,18 ,0.11,346.292,
10/15/2017, 20/02/13, BTC,55 ,0.08,5678.46,LTC,3 ,-0.01,64.3224,ETH,27 ,0.08,346.292,
10/15/2017, 20/02/43, BTC,46 ,0.08,5678.46,LTC,6 ,0.17,64.3224,ETH,32 ,0.01,346.292,
10/15/2017, 20/03/14, BTC,49 ,0.08,5678.46,LTC,3 ,0.31,64.3224,ETH,33 ,0.16,346.292,
10/15/2017, 20/03/44, BTC,54 ,0.12,5678.46,LTC,5 ,0.36,64.3224,ETH,27 ,0.28,346.292,
10/15/2017, 20/04/16, BTC,50 ,0.18,5678.46,LTC,11 ,0.22,64.3224,ETH,40 ,0.3,346.292,
10/15/2017, 20/04/46, BTC,41 ,0.1,5678.46,LTC,2 ,0.0,64.3224,ETH,32 ,0.16,346.292,
10/15/2017, 20/05/16, BTC,49 ,0.09,5672.78,LTC,5 ,0.16,64.2104,ETH,32 ,0.05,345.192,
10/15/2017, 20/05/46, BTC,55 ,0.16,5672.78,LTC,7 ,0.3,64.2104,ETH,36 ,0.14,345.192,
10/15/2017, 20/06/16, BTC,42 ,0.2,5672.78,LTC,2 ,0.69,64.2104,ETH,21 ,0.18,345.192,
10/15/2017, 20/06/46, BTC,28 ,0.09,5672.78,LTC,5 ,0.25,64.2104,ETH,17 ,0.24,345.192,
10/15/2017, 20/07/17, BTC,38 ,0.09,5672.78,LTC,7 ,0.15,64.2104,ETH,31 ,0.2,345.192,
10/15/2017, 20/07/47, BTC,45 ,0.09,5672.78,LTC,9 ,0.16,64.2104,ETH,21 ,0.13,345.192,
10/15/2017, 20/08/17, BTC,40 ,0.13,5672.78,LTC,2 ,0.56,64.2104,ETH,26 ,0.14,345.192,
10/15/2017, 20/08/47, BTC,37 ,0.07,5672.78,LTC,2 ,0.04,64.2104,ETH,23 ,0.26,345.192,
10/15/2017, 20/09/17, BTC,44 ,0.13,5672.78,LTC,6 ,0.18,64.2104,ETH,31 ,0.16,345.192,
10/15/2017, 20/09/47, BTC,55 ,0.1,5677.53,LTC,2 ,0.61,64.428,ETH,23 ,0.26,345.123,
10/15/2017, 20/10/18, BTC,67 ,0.13,5677.53,LTC,3 ,0.03,64.428,ETH,32 ,0.23,345.123,
10/15/2017, 20/10/49, BTC,52 ,0.04,5677.53,LTC,0 ,N/A,64.428,ETH,24 ,0.16,345.123,
10/15/2017, 20/11/19, BTC,33 ,0.18,5677.53,LTC,4 ,-0.14,64.428,ETH,30 ,0.15,345.123,
10/15/2017, 20/11/49, BTC,52 ,0.11,5677.53,LTC,3 ,0.35,64.428,ETH,29 ,0.08,345.123,
10/15/2017, 20/12/20, BTC,49 ,0.15,5677.53,LTC,1 ,0.36,64.428,ETH,18 ,0.08,345.123,
10/15/2017, 20/12/51, BTC,33 ,0.12,5677.53,LTC,3 ,0.0,64.428,ETH,19 ,0.09,345.123,
10/15/2017, 20/13/22, BTC,35 ,0.07,5677.53,LTC,2 ,0.34,64.428,ETH,17 ,0.26,345.123,
10/15/2017, 20/13/52, BTC,56 ,0.05,5677.53,LTC,2 ,0.0,64.428,ETH,35 ,0.11,345.123,
10/15/2017, 20/14/22, BTC,44 ,0.16,5677.53,LTC,4 ,0.35,64.428,ETH,30 ,0.1,345.123,
10/15/2017, 20/14/52, BTC,46 ,0.18,5677.53,LTC,1 ,0.36,64.428,ETH,27 ,0.09,345.123,
10/15/2017, 20/15/23, BTC,85 ,0.09,5677.53,LTC,9 ,0.09,64.428,ETH,49 ,0.08,345.123,
10/15/2017, 20/15/55, BTC,58 ,0.07,5678.36,LTC,1 ,0.08,64.6715,ETH,28 ,0.04,346.403,
10/15/2017, 20/16/26, BTC,47 ,-0.03,5678.36,LTC,2 ,0.17,64.6715,ETH,18 ,0.23,346.403,
10/15/2017, 20/16/56, BTC,46 ,0.01,5678.36,LTC,3 ,0.35,64.6715,ETH,18 ,0.06,346.403,
10/15/2017, 20/17/26, BTC,63 ,0.07,5678.36,LTC,2 ,0.0,64.6715,ETH,22 ,0.23,346.403,
10/15/2017, 20/17/57, BTC,46 ,0.09,5678.36,LTC,4 ,0.25,64.6715,ETH,21 ,0.21,346.403,
10/15/2017, 20/18/28, BTC,45 ,0.1,5678.36,LTC,6 ,0.1,64.6715,ETH,33 ,0.18,346.403,
10/15/2017, 20/19/00, BTC,44 ,0.18,5678.36,LTC,5 ,0.18,64.6715,ETH,24 ,0.21,346.403,
10/15/2017, 20/19/31, BTC,49 ,0.15,5678.36,LTC,8 ,0.15,64.6715,ETH,24 ,0.12,346.403,
10/15/2017, 20/20/01, BTC,32 ,0.13,5680.5,LTC,2 ,0.25,64.5293,ETH,33 ,0.17,346.817,
10/15/2017, 20/20/33, BTC,61 ,0.13,5680.5,LTC,3 ,0.05,64.5293,ETH,25 ,0.13,346.817,
10/15/2017, 20/21/03, BTC,28 ,0.15,5680.5,LTC,4 ,0.12,64.5293,ETH,20 ,0.22,346.817,
10/15/2017, 20/21/34, BTC,34 ,0.14,5680.5,LTC,6 ,0.18,64.5293,ETH,26 ,0.11,346.817,
10/15/2017, 20/22/05, BTC,32 ,0.09,5680.5,LTC,2 ,-0.14,64.5293,ETH,26 ,0.08,346.817,
10/15/2017, 20/22/35, BTC,56 ,0.15,5680.5,LTC,11 ,0.15,64.5293,ETH,30 ,0.07,346.817,
10/15/2017, 20/23/06, BTC,43 ,0.03,5680.5,LTC,6 ,0.19,64.5293,ETH,23 ,0.12,346.817,
10/15/2017, 20/23/37, BTC,41 ,0.09,5680.5,LTC,1 ,0.08,64.5293,ETH,29 ,0.25,346.817,
10/15/2017, 20/24/07, BTC,33 ,0.18,5680.5,LTC,5 ,0.22,64.5293,ETH,30 ,0.23,346.817,
10/15/2017, 20/24/37, BTC,42 ,0.18,5680.5,LTC,8 ,0.17,64.5293,ETH,27 ,0.2,346.817,
10/15/2017, 20/25/07, BTC,38 ,0.04,5680.5,LTC,1 ,0.08,64.5293,ETH,10 ,0.21,346.817,
10/15/2017, 20/25/39, BTC,51 ,0.1,5678.16,LTC,1 ,0.4,64.5364,ETH,20 ,0.14,346.558,
10/15/2017, 20/26/09, BTC,35 ,0.19,5678.16,LTC,2 ,-0.27,64.5364,ETH,33 ,0.22,346.558,
10/15/2017, 20/26/42, BTC,27 ,0.13,5678.16,LTC,3 ,0.23,64.5364,ETH,9 ,0.18,346.558,
10/15/2017, 20/27/13, BTC,43 ,0.08,5678.16,LTC,1 ,0.08,64.5364,ETH,15 ,0.25,346.558,
10/15/2017, 20/27/43, BTC,29 ,0.03,5678.16,LTC,1 ,-0.1,64.5364,ETH,21 ,0.2,346.558,
10/15/2017, 20/28/15, BTC,51 ,0.12,5678.16,LTC,4 ,0.36,64.5364,ETH,21 ,0.22,346.558,
10/15/2017, 20/28/45, BTC,30 ,-0.01,5678.16,LTC,2 ,0.2,64.5364,ETH,17 ,0.26,346.558,
10/15/2017, 20/29/16, BTC,37 ,0.13,5678.16,LTC,2 ,0.35,64.5364,ETH,22 ,0.18,346.558,
10/15/2017, 20/29/47, BTC,53 ,0.13,5679.83,LTC,1 ,0.59,64.5546,ETH,28 ,0.18,346.127,
10/15/2017, 20/30/18, BTC,77 ,0.08,5679.83,LTC,9 ,0.06,64.5546,ETH,39 ,0.15,346.127,
10/15/2017, 20/30/49, BTC,41 ,0.2,5679.83,LTC,3 ,0.12,64.5546,ETH,17 ,0.19,346.127,
10/15/2017, 20/31/19, BTC,64 ,0.13,5679.83,LTC,2 ,0.72,64.5546,ETH,27 ,0.24,346.127,
10/15/2017, 20/31/49, BTC,48 ,0.08,5679.83,LTC,6 ,0.38,64.5546,ETH,33 ,0.19,346.127,
10/15/2017, 20/32/21, BTC,32 ,0.07,5679.83,LTC,0 ,N/A,64.5546,ETH,25 ,0.19,346.127,
10/15/2017, 20/32/51, BTC,37 ,0.01,5679.83,LTC,3 ,-0.09,64.5546,ETH,21 ,0.14,346.127,
10/15/2017, 20/33/23, BTC,58 ,0.06,5679.83,LTC,5 ,-0.02,64.5546,ETH,26 ,0.06,346.127,
10/15/2017, 20/33/53, BTC,36 ,0.16,5679.83,LTC,2 ,-0.05,64.5546,ETH,28 ,0.09,346.127,
10/15/2017, 20/34/23, BTC,27 ,0.13,5679.83,LTC,1 ,0.1,64.5546,ETH,24 ,0.19,346.127,
10/15/2017, 20/34/53, BTC,40 ,0.03,5679.83,LTC,2 ,0.29,64.5546,ETH,55 ,0.19,346.127,
10/15/2017, 20/35/23, BTC,45 ,0.11,5679.83,LTC,4 ,0.1,64.5546,ETH,42 ,0.13,346.127,
10/15/2017, 20/35/54, BTC,39 ,0.15,5683.47,LTC,3 ,0.12,64.5198,ETH,23 ,0.27,345.7,
10/15/2017, 20/36/24, BTC,44 ,0.04,5683.47,LTC,5 ,0.25,64.5198,ETH,15 ,0.3,345.7,
10/15/2017, 20/36/56, BTC,26 ,0.09,5683.47,LTC,4 ,0.07,64.5198,ETH,18 ,0.0,345.7,
10/15/2017, 20/37/26, BTC,41 ,0.16,5683.47,LTC,1 ,0.0,64.5198,ETH,13 ,0.29,345.7,
10/15/2017, 20/37/57, BTC,37 ,0.15,5683.47,LTC,5 ,0.33,64.5198,ETH,24 ,0.19,345.7,
10/15/2017, 20/38/27, BTC,42 ,0.16,5683.47,LTC,1 ,0.0,64.5198,ETH,21 ,0.14,345.7,
10/15/2017, 20/38/58, BTC,35 ,0.13,5683.47,LTC,1 ,0.6,64.5198,ETH,30 ,0.07,345.7,
10/15/2017, 20/39/28, BTC,42 ,0.09,5683.47,LTC,2 ,-0.14,64.5198,ETH,17 ,0.2,345.7,
10/15/2017, 20/39/58, BTC,56 ,0.11,5676.24,LTC,6 ,0.33,64.5023,ETH,36 ,0.18,344.948,
10/15/2017, 20/40/28, BTC,73 ,0.07,5676.24,LTC,5 ,0.08,64.5023,ETH,47 ,0.12,344.948,
10/15/2017, 20/40/59, BTC,43 ,0.12,5676.24,LTC,3 ,-0.15,64.5023,ETH,30 ,0.14,344.948,
10/15/2017, 20/41/29, BTC,45 ,0.22,5676.24,LTC,3 ,0.12,64.5023,ETH,26 ,0.14,344.948,
10/15/2017, 20/42/01, BTC,35 ,0.13,5676.24,LTC,1 ,-0.27,64.5023,ETH,17 ,0.11,344.948,
10/15/2017, 20/42/31, BTC,38 ,0.14,5676.24,LTC,3 ,-0.05,64.5023,ETH,20 ,0.14,344.948,
10/15/2017, 20/43/01, BTC,50 ,0.15,5676.24,LTC,4 ,0.28,64.5023,ETH,18 ,0.27,344.948,
10/15/2017, 20/43/32, BTC,60 ,0.17,5676.24,LTC,6 ,0.22,64.5023,ETH,38 ,0.22,344.948,
10/15/2017, 20/44/03, BTC,19 ,0.05,5676.24,LTC,3 ,0.17,64.5023,ETH,16 ,0.15,344.948,
10/15/2017, 20/44/33, BTC,39 ,0.17,5676.24,LTC,4 ,0.17,64.5023,ETH,38 ,0.16,344.948,
10/15/2017, 20/45/04, BTC,37 ,0.05,5676.24,LTC,3 ,0.29,64.5023,ETH,40 ,0.23,344.948,
10/15/2017, 20/45/34, BTC,47 ,0.11,5676.24,LTC,3 ,0.23,64.5023,ETH,21 ,0.19,344.948,
10/15/2017, 20/46/04, BTC,62 ,0.04,5650.32,LTC,2 ,0.53,64.1526,ETH,40 ,0.02,342.603,
10/15/2017, 20/46/34, BTC,38 ,0.1,5650.32,LTC,2 ,0.18,64.1526,ETH,22 ,0.19,342.603,
10/15/2017, 20/47/04, BTC,35 ,0.21,5650.32,LTC,3 ,0.23,64.1526,ETH,22 ,0.09,342.603,
10/15/2017, 20/47/35, BTC,73 ,0.07,5650.32,LTC,2 ,0.04,64.1526,ETH,35 ,0.15,342.603,
10/15/2017, 20/48/05, BTC,32 ,0.16,5650.32,LTC,3 ,0.45,64.1526,ETH,41 ,0.1,342.603,
10/15/2017, 20/48/36, BTC,42 ,0.16,5650.32,LTC,5 ,0.0,64.1526,ETH,12 ,0.06,342.603,
10/15/2017, 20/49/06, BTC,39 ,0.09,5650.32,LTC,9 ,0.0,64.1526,ETH,26 ,0.11,342.603,
10/15/2017, 20/49/36, BTC,36 ,0.09,5650.32,LTC,7 ,0.3,64.1526,ETH,33 ,0.14,342.603,
10/15/2017, 20/50/06, BTC,39 ,0.03,5634.58,LTC,2 ,-0.1,63.9189,ETH,32 ,0.04,342.187,
10/15/2017, 20/50/37, BTC,55 ,0.12,5634.58,LTC,2 ,0.0,63.9189,ETH,28 ,0.1,342.187,
10/15/2017, 20/51/07, BTC,23 ,-0.02,5634.58,LTC,1 ,0.0,63.9189,ETH,20 ,0.04,342.187,
10/15/2017, 20/51/39, BTC,40 ,0.1,5634.58,LTC,2 ,0.34,63.9189,ETH,27 ,0.15,342.187,
10/15/2017, 20/52/09, BTC,36 ,0.09,5634.58,LTC,7 ,0.05,63.9189,ETH,24 ,0.11,342.187,
10/15/2017, 20/52/39, BTC,31 ,0.12,5634.58,LTC,4 ,0.06,63.9189,ETH,31 ,0.12,342.187,
10/15/2017, 20/53/09, BTC,40 ,0.05,5634.58,LTC,2 ,0.0,63.9189,ETH,43 ,0.13,342.187,
10/15/2017, 20/53/41, BTC,49 ,0.07,5634.58,LTC,6 ,-0.07,63.9189,ETH,25 ,0.06,342.187,
10/15/2017, 20/54/11, BTC,41 ,0.07,5634.58,LTC,1 ,0.0,63.9189,ETH,28 ,0.12,342.187,
10/15/2017, 20/54/41, BTC,39 ,0.02,5634.58,LTC,2 ,-0.33,63.9189,ETH,24 ,-0.02,342.187,
10/15/2017, 20/55/11, BTC,38 ,0.05,5634.58,LTC,7 ,0.18,63.9189,ETH,23 ,0.08,342.187,
10/15/2017, 20/55/45, BTC,62 ,0.18,5634.58,LTC,5 ,-0.05,63.9189,ETH,40 ,0.09,342.187,
10/15/2017, 20/56/15, BTC,43 ,0.11,5627.99,LTC,0 ,N/A,63.9096,ETH,20 ,0.24,342.51,
10/15/2017, 20/56/45, BTC,34 ,0.08,5627.99,LTC,1 ,-0.27,63.9096,ETH,27 ,0.11,342.51,
10/15/2017, 20/57/16, BTC,43 ,0.11,5627.99,LTC,2 ,0.13,63.9096,ETH,26 ,0.19,342.51,
10/15/2017, 20/57/46, BTC,42 ,0.19,5627.99,LTC,2 ,0.25,63.9096,ETH,21 ,0.19,342.51,
10/15/2017, 20/58/17, BTC,38 ,0.06,5627.99,LTC,6 ,0.09,63.9096,ETH,9 ,0.11,342.51,
10/15/2017, 20/58/47, BTC,24 ,0.09,5627.99,LTC,3 ,0.03,63.9096,ETH,18 ,0.06,342.51,
10/15/2017, 20/59/17, BTC,46 ,0.1,5627.99,LTC,3 ,0.32,63.9096,ETH,13 ,0.14,342.51,
10/15/2017, 20/59/47, BTC,44 ,0.14,5627.99,LTC,8 ,0.06,63.9096,ETH,31 ,0.11,342.51,
10/15/2017, 21/00/17, BTC,105 ,0.05,5615.68,LTC,14 ,0.06,63.8354,ETH,60 ,0.09,343.076,
10/15/2017, 21/00/47, BTC,85 ,0.12,5615.68,LTC,8 ,0.01,63.8354,ETH,21 ,0.04,343.076,
10/15/2017, 21/01/18, BTC,74 ,0.1,5615.68,LTC,7 ,0.02,63.8354,ETH,35 ,0.12,343.076,
10/15/2017, 21/01/49, BTC,54 ,0.07,5615.68,LTC,1 ,0.0,63.8354,ETH,23 ,0.07,343.076,
10/15/2017, 21/02/19, BTC,61 ,0.15,5615.68,LTC,6 ,0.2,63.8354,ETH,38 ,0.15,343.076,
10/15/2017, 21/02/49, BTC,64 ,0.05,5615.68,LTC,4 ,0.21,63.8354,ETH,32 ,0.13,343.076,
10/15/2017, 21/03/19, BTC,58 ,0.12,5615.68,LTC,7 ,0.27,63.8354,ETH,29 ,0.07,343.076,
10/15/2017, 21/03/50, BTC,40 ,0.19,5615.68,LTC,5 ,0.02,63.8354,ETH,36 ,0.12,343.076,
10/15/2017, 21/04/20, BTC,45 ,0.11,5615.68,LTC,1 ,0.0,64.0377,ETH,15 ,0.08,343.076,
10/15/2017, 21/04/50, BTC,27 ,0.11,5615.68,LTC,3 ,0.08,64.0377,ETH,25 ,0.22,343.076,
10/15/2017, 21/05/21, BTC,61 ,0.13,5615.68,LTC,8 ,0.19,64.0377,ETH,31 ,0.28,343.076,
10/15/2017, 21/05/51, BTC,47 ,0.15,5615.68,LTC,3 ,0.48,64.0377,ETH,34 ,0.24,343.076,
10/15/2017, 21/06/21, BTC,49 ,0.07,5625.02,LTC,5 ,0.21,64.0377,ETH,29 ,0.15,343.592,
10/15/2017, 21/06/53, BTC,46 ,0.09,5625.02,LTC,4 ,0.26,64.0377,ETH,12 ,0.08,343.592,
10/15/2017, 21/07/23, BTC,63 ,0.04,5625.02,LTC,7 ,0.09,64.0377,ETH,27 ,0.19,343.592,
10/15/2017, 21/07/54, BTC,43 ,0.14,5625.02,LTC,2 ,0.53,64.0377,ETH,23 ,0.12,343.592,
10/15/2017, 21/08/26, BTC,52 ,0.19,5625.02,LTC,6 ,0.16,64.0377,ETH,20 ,0.13,343.592,
10/15/2017, 21/08/56, BTC,50 ,0.16,5625.02,LTC,3 ,0.19,64.0377,ETH,33 ,0.19,343.592,
10/15/2017, 21/09/26, BTC,76 ,0.11,5625.02,LTC,12 ,0.13,64.0377,ETH,42 ,0.11,343.592,
10/15/2017, 21/09/57, BTC,42 ,0.12,5625.02,LTC,4 ,0.39,64.0377,ETH,11 ,0.03,343.592,
10/15/2017, 21/10/27, BTC,61 ,0.1,5625.75,LTC,5 ,0.18,64.1833,ETH,34 ,0.12,343.842,
10/15/2017, 21/10/57, BTC,68 ,0.1,5625.75,LTC,6 ,0.02,64.1833,ETH,35 ,0.21,343.842,
10/15/2017, 21/11/27, BTC,54 ,0.07,5625.75,LTC,5 ,0.26,64.1833,ETH,19 ,0.06,343.842,
10/15/2017, 21/11/57, BTC,56 ,0.1,5625.75,LTC,5 ,0.12,64.1833,ETH,33 ,0.16,343.842,
10/15/2017, 21/12/27, BTC,50 ,0.14,5625.75,LTC,3 ,0.15,64.1833,ETH,21 ,0.19,343.842,
10/15/2017, 21/12/57, BTC,52 ,0.01,5625.75,LTC,1 ,0.0,64.1833,ETH,24 ,0.14,343.842,
10/15/2017, 21/13/28, BTC,58 ,0.04,5625.75,LTC,7 ,0.06,64.1833,ETH,30 ,0.16,343.842,
10/15/2017, 21/13/59, BTC,69 ,0.08,5625.75,LTC,6 ,0.17,64.1833,ETH,38 ,0.21,343.842,
10/15/2017, 21/14/29, BTC,43 ,0.06,5625.49,LTC,2 ,-0.14,64.1531,ETH,36 ,0.06,343.603,
10/15/2017, 21/15/00, BTC,53 ,0.09,5625.49,LTC,4 ,0.17,64.1531,ETH,26 ,0.1,343.603,
10/15/2017, 21/15/30, BTC,85 ,0.2,5625.49,LTC,6 ,0.07,64.1531,ETH,36 ,0.22,343.603,
10/15/2017, 21/16/00, BTC,64 ,0.06,5625.49,LTC,4 ,0.29,64.1531,ETH,47 ,0.2,343.603,
10/15/2017, 21/16/31, BTC,63 ,0.18,5625.49,LTC,6 ,0.31,64.1531,ETH,27 ,0.04,343.603,
10/15/2017, 21/17/02, BTC,49 ,0.17,5625.49,LTC,7 ,0.19,64.1531,ETH,22 ,0.07,343.603,
10/15/2017, 21/17/32, BTC,64 ,0.18,5625.49,LTC,7 ,0.24,64.1531,ETH,46 ,0.1,343.603,
10/15/2017, 21/18/03, BTC,49 ,0.14,5625.49,LTC,4 ,0.17,64.1531,ETH,26 ,0.09,343.603,
10/15/2017, 21/18/33, BTC,53 ,0.18,5625.49,LTC,8 ,0.21,64.1531,ETH,33 ,0.24,343.603,
10/15/2017, 21/19/03, BTC,44 ,0.24,5625.49,LTC,5 ,0.38,64.1531,ETH,23 ,0.18,343.603,
10/15/2017, 21/19/34, BTC,50 ,0.26,5625.49,LTC,4 ,0.0,64.1531,ETH,35 ,0.21,343.603,
10/15/2017, 21/20/04, BTC,63 ,0.13,5625.49,LTC,1 ,0.0,64.1531,ETH,37 ,0.28,343.603,
10/15/2017, 21/20/36, BTC,63 ,0.06,5626.27,LTC,14 ,0.09,64.2178,ETH,33 ,0.1,343.331,
10/15/2017, 21/21/06, BTC,41 ,0.2,5626.27,LTC,6 ,0.42,64.2178,ETH,33 ,0.26,343.331,
10/15/2017, 21/21/37, BTC,48 ,0.1,5626.27,LTC,6 ,-0.06,64.2178,ETH,26 ,0.1,343.331,
10/15/2017, 21/22/07, BTC,42 ,0.06,5626.27,LTC,1 ,0.0,64.2178,ETH,24 ,0.02,343.331,
10/15/2017, 21/22/38, BTC,56 ,0.12,5626.27,LTC,3 ,0.0,64.2178,ETH,33 ,0.15,343.331,
10/15/2017, 21/23/08, BTC,35 ,0.07,5626.27,LTC,2 ,-0.01,64.2178,ETH,23 ,0.19,343.331,
10/15/2017, 21/23/39, BTC,37 ,0.07,5626.27,LTC,6 ,0.18,64.2178,ETH,21 ,0.21,343.331,
10/15/2017, 21/24/09, BTC,42 ,0.0,5626.27,LTC,0 ,N/A,64.2178,ETH,20 ,0.24,343.331,
10/15/2017, 21/24/39, BTC,48 ,-0.05,5630.7,LTC,4 ,0.19,64.4275,ETH,14 ,0.36,343.681,
10/15/2017, 21/25/10, BTC,54 ,0.03,5630.7,LTC,5 ,0.21,64.4275,ETH,17 ,0.14,343.681,
10/15/2017, 21/25/42, BTC,59 ,0.03,5630.7,LTC,3 ,0.45,64.4275,ETH,26 ,0.23,343.681,
10/15/2017, 21/26/12, BTC,26 ,0.04,5630.7,LTC,1 ,0.0,64.4275,ETH,22 ,-0.01,343.681,
10/15/2017, 21/26/43, BTC,44 ,0.1,5630.7,LTC,3 ,0.13,64.4275,ETH,32 ,0.22,343.681,
10/15/2017, 21/27/14, BTC,33 ,0.08,5630.7,LTC,4 ,0.27,64.4275,ETH,22 ,0.23,343.681,
10/15/2017, 21/27/45, BTC,44 ,0.12,5630.7,LTC,2 ,-0.15,64.4275,ETH,30 ,0.21,343.681,
10/15/2017, 21/28/15, BTC,45 ,0.1,5630.7,LTC,3 ,-0.07,64.4275,ETH,24 ,0.12,343.681,
10/15/2017, 21/28/46, BTC,30 ,0.08,5630.7,LTC,8 ,0.12,64.4275,ETH,31 ,0.02,343.681,
10/15/2017, 21/29/17, BTC,38 ,0.02,5630.7,LTC,3 ,0.65,64.4275,ETH,26 ,0.25,343.681,
10/15/2017, 21/29/48, BTC,46 ,0.06,5630.7,LTC,9 ,0.23,64.4275,ETH,31 ,0.09,343.681,
10/15/2017, 21/30/19, BTC,73 ,0.06,5630.7,LTC,6 ,0.19,64.4275,ETH,20 ,0.16,343.681,
10/15/2017, 21/30/49, BTC,67 ,0.17,5627.04,LTC,4 ,-0.01,64.5081,ETH,32 ,0.22,343.459,
10/15/2017, 21/31/20, BTC,47 ,0.11,5627.04,LTC,2 ,0.51,64.5081,ETH,19 ,0.2,343.459,
10/15/2017, 21/31/50, BTC,49 ,0.05,5627.04,LTC,3 ,-0.13,64.5081,ETH,23 ,0.2,343.459,
10/15/2017, 21/32/20, BTC,56 ,0.05,5627.04,LTC,8 ,0.1,64.5081,ETH,42 ,0.12,343.459,
10/15/2017, 21/32/50, BTC,42 ,0.13,5627.04,LTC,6 ,0.21,64.5081,ETH,40 ,0.22,343.459,
10/15/2017, 21/33/21, BTC,39 ,0.09,5627.04,LTC,6 ,0.55,64.5081,ETH,35 ,0.13,343.459,
10/15/2017, 21/33/51, BTC,34 ,0.15,5627.04,LTC,1 ,0.59,64.5081,ETH,33 ,0.08,343.459,
10/15/2017, 21/34/21, BTC,29 ,0.0,5627.04,LTC,4 ,0.21,64.5081,ETH,28 ,0.29,343.459,
10/15/2017, 21/34/52, BTC,32 ,0.16,5627.47,LTC,1 ,0.25,64.6188,ETH,18 ,0.07,343.63,
10/15/2017, 21/35/22, BTC,51 ,0.11,5627.47,LTC,5 ,0.23,64.6188,ETH,29 ,0.17,343.63,
10/15/2017, 21/35/53, BTC,36 ,0.09,5627.47,LTC,0 ,N/A,64.6188,ETH,18 ,0.11,343.63,
10/15/2017, 21/36/24, BTC,57 ,0.08,5627.47,LTC,0 ,N/A,64.6188,ETH,34 ,0.12,343.63,
10/15/2017, 21/36/54, BTC,43 ,0.18,5627.47,LTC,0 ,N/A,64.6188,ETH,34 ,0.26,343.63,
10/15/2017, 21/37/24, BTC,53 ,0.06,5627.47,LTC,3 ,0.2,64.6188,ETH,43 ,0.12,343.63,
10/15/2017, 21/37/56, BTC,38 ,0.11,5627.47,LTC,1 ,-0.27,64.6188,ETH,17 ,0.28,343.63,
10/15/2017, 21/38/27, BTC,47 ,0.15,5627.47,LTC,5 ,-0.05,64.6188,ETH,32 ,0.18,343.63,
10/15/2017, 21/38/57, BTC,41 ,0.17,5627.47,LTC,2 ,-0.1,64.6188,ETH,28 ,0.06,343.63,
10/15/2017, 21/39/28, BTC,42 ,0.16,5627.47,LTC,8 ,0.25,64.6188,ETH,11 ,0.12,343.63,
10/15/2017, 21/39/58, BTC,49 ,0.12,5627.47,LTC,3 ,-0.03,64.6188,ETH,34 ,0.1,343.63,
10/15/2017, 21/40/29, BTC,51 ,0.04,5627.47,LTC,2 ,0.04,64.6188,ETH,17 ,0.22,343.63,
10/15/2017, 21/40/59, BTC,56 ,0.14,5623.37,LTC,6 ,0.23,64.5908,ETH,17 ,0.16,343.564,
10/15/2017, 21/41/30, BTC,46 ,0.06,5623.37,LTC,3 ,0.03,64.5908,ETH,21 ,0.16,343.564,
10/15/2017, 21/42/00, BTC,38 ,0.07,5623.37,LTC,3 ,0.34,64.5908,ETH,20 ,0.09,343.564,
10/15/2017, 21/42/31, BTC,46 ,0.15,5623.37,LTC,3 ,0.16,64.5908,ETH,20 ,0.18,343.564,
10/15/2017, 21/43/01, BTC,40 ,0.11,5623.37,LTC,3 ,0.28,64.5908,ETH,26 ,0.15,343.564,
10/15/2017, 21/43/32, BTC,59 ,0.12,5623.37,LTC,5 ,-0.03,64.5908,ETH,15 ,0.11,343.564,
10/15/2017, 21/44/03, BTC,48 ,0.08,5623.37,LTC,5 ,0.1,64.5908,ETH,34 ,0.17,343.564,
10/15/2017, 21/44/35, BTC,85 ,0.08,5623.37,LTC,7 ,0.39,64.5908,ETH,34 ,0.12,343.564,
10/15/2017, 21/45/05, BTC,55 ,0.15,5619.81,LTC,4 ,0.14,64.6547,ETH,24 ,0.1,343.577,
10/15/2017, 21/45/35, BTC,87 ,0.13,5619.81,LTC,9 ,-0.03,64.6547,ETH,43 ,0.11,343.577,
10/15/2017, 21/46/05, BTC,82 ,0.14,5619.81,LTC,9 ,0.37,64.6547,ETH,45 ,0.22,343.577,
10/15/2017, 21/46/36, BTC,97 ,0.07,5619.81,LTC,6 ,0.27,64.6547,ETH,34 ,0.14,343.577,
10/15/2017, 21/47/06, BTC,49 ,0.17,5619.81,LTC,6 ,0.45,64.6547,ETH,19 ,0.26,343.577,
10/15/2017, 21/47/36, BTC,57 ,0.11,5619.81,LTC,3 ,-0.09,64.6547,ETH,23 ,0.13,343.577,
10/15/2017, 21/48/06, BTC,50 ,0.18,5619.81,LTC,4 ,0.22,64.6547,ETH,25 ,0.23,343.577,
10/15/2017, 21/48/37, BTC,64 ,0.06,5619.81,LTC,3 ,0.39,64.6547,ETH,34 ,0.12,343.577,
10/15/2017, 21/49/07, BTC,60 ,0.06,5619.81,LTC,2 ,0.04,64.6547,ETH,35 ,0.12,343.577,
10/15/2017, 21/49/37, BTC,56 ,0.12,5619.81,LTC,2 ,-0.14,64.6547,ETH,31 ,0.21,343.577,
10/15/2017, 21/50/07, BTC,38 ,0.12,5619.81,LTC,2 ,0.43,64.6547,ETH,22 ,0.15,343.577,
10/15/2017, 21/50/38, BTC,50 ,0.04,5619.81,LTC,2 ,-0.14,64.6547,ETH,26 ,0.1,343.577,
10/15/2017, 21/51/09, BTC,32 ,0.11,5623.71,LTC,4 ,0.26,64.6013,ETH,19 ,0.09,343.495,
10/15/2017, 21/51/39, BTC,60 ,0.13,5623.71,LTC,4 ,0.08,64.6013,ETH,40 ,0.16,343.495,
10/15/2017, 21/52/10, BTC,45 ,0.04,5623.71,LTC,9 ,0.18,64.6013,ETH,31 ,0.2,343.495,
10/15/2017, 21/52/41, BTC,37 ,0.07,5623.71,LTC,2 ,0.0,64.6013,ETH,22 ,0.12,343.495,
10/15/2017, 21/53/11, BTC,55 ,0.12,5623.71,LTC,1 ,-0.27,64.6013,ETH,29 ,0.21,343.495,
10/15/2017, 21/53/41, BTC,48 ,0.07,5623.71,LTC,4 ,0.02,64.6013,ETH,37 ,0.25,343.495,
10/15/2017, 21/54/12, BTC,39 ,0.23,5623.71,LTC,1 ,-0.42,64.6013,ETH,30 ,0.11,343.495,
10/15/2017, 21/54/42, BTC,28 ,0.09,5623.71,LTC,1 ,0.0,64.6013,ETH,12 ,0.04,343.495,
10/15/2017, 21/55/12, BTC,45 ,0.15,5615.98,LTC,7 ,0.37,64.4805,ETH,28 ,0.13,343.432,
10/15/2017, 21/55/48, BTC,41 ,0.08,5615.98,LTC,1 ,0.68,64.4805,ETH,34 ,0.14,343.432,
10/15/2017, 21/56/18, BTC,42 ,0.06,5615.98,LTC,1 ,0.25,64.4805,ETH,9 ,0.19,343.432,
10/15/2017, 21/56/49, BTC,49 ,0.08,5615.98,LTC,2 ,0.15,64.4805,ETH,25 ,0.14,343.432,
10/15/2017, 21/57/19, BTC,36 ,0.14,5615.98,LTC,2 ,0.29,64.4805,ETH,17 ,0.14,343.432,
10/15/2017, 21/57/50, BTC,41 ,0.11,5615.98,LTC,1 ,0.0,64.4805,ETH,20 ,0.03,343.432,
10/15/2017, 21/58/21, BTC,42 ,0.06,5615.98,LTC,1 ,0.15,64.4805,ETH,21 ,0.05,343.432,
10/15/2017, 21/58/51, BTC,45 ,0.12,5615.98,LTC,18 ,0.16,64.4805,ETH,66 ,0.15,343.432,
10/15/2017, 21/59/21, BTC,60 ,0.25,5615.98,LTC,19 ,0.39,64.4805,ETH,62 ,0.22,343.432,
10/15/2017, 21/59/54, BTC,42 ,0.28,5615.98,LTC,3 ,0.22,64.4805,ETH,22 ,0.33,343.432,
10/15/2017, 22/00/24, BTC,118 ,0.08,5615.98,LTC,16 ,0.12,64.4805,ETH,57 ,0.1,343.432,
10/15/2017, 22/00/55, BTC,58 ,0.13,5609.85,LTC,4 ,0.05,64.1643,ETH,19 ,0.1,342.76,
10/15/2017, 22/01/25, BTC,86 ,0.11,5609.85,LTC,15 ,0.08,64.1643,ETH,49 ,0.22,342.76,
10/15/2017, 22/01/55, BTC,50 ,0.18,5609.85,LTC,3 ,0.49,64.1643,ETH,21 ,0.22,342.76,
10/15/2017, 22/02/26, BTC,40 ,0.24,5609.85,LTC,5 ,0.35,64.1643,ETH,17 ,0.28,342.76,
10/15/2017, 22/02/56, BTC,42 ,0.1,5609.85,LTC,1 ,-0.42,64.1643,ETH,19 ,0.26,342.76,
10/15/2017, 22/03/26, BTC,57 ,0.21,5609.85,LTC,6 ,0.07,64.1643,ETH,31 ,0.27,342.76,
10/15/2017, 22/03/56, BTC,61 ,0.14,5609.85,LTC,4 ,0.15,64.1643,ETH,43 ,0.2,342.76,
10/15/2017, 22/04/26, BTC,63 ,0.12,5609.85,LTC,6 ,0.2,64.1643,ETH,39 ,0.21,342.76,
10/15/2017, 22/04/56, BTC,55 ,0.15,5609.85,LTC,7 ,0.29,64.1643,ETH,44 ,0.13,342.76,
10/15/2017, 22/05/27, BTC,60 ,0.09,5608.51,LTC,7 ,0.2,64.213,ETH,23 ,0.37,341.274,
10/15/2017, 22/05/57, BTC,64 ,0.26,5608.51,LTC,0 ,N/A,64.213,ETH,33 ,0.21,341.274,
10/15/2017, 22/06/27, BTC,105 ,0.32,5608.51,LTC,2 ,0.28,64.213,ETH,50 ,0.28,341.274,
10/15/2017, 22/06/57, BTC,60 ,0.19,5608.51,LTC,6 ,0.22,64.213,ETH,19 ,0.01,341.274,
10/15/2017, 22/07/28, BTC,42 ,0.18,5608.51,LTC,4 ,0.36,64.213,ETH,22 ,0.33,341.274,
10/15/2017, 22/07/58, BTC,65 ,0.13,5608.51,LTC,3 ,0.52,64.213,ETH,38 ,0.17,341.274,
10/15/2017, 22/08/29, BTC,104 ,0.22,5608.51,LTC,10 ,0.24,64.213,ETH,91 ,0.32,341.274,
10/15/2017, 22/08/59, BTC,43 ,0.14,5608.51,LTC,3 ,0.17,64.213,ETH,31 ,0.3,341.274,
10/15/2017, 22/09/29, BTC,93 ,0.08,5608.51,LTC,2 ,0.43,64.213,ETH,33 ,0.24,341.274,
10/15/2017, 22/09/59, BTC,82 ,0.1,5608.51,LTC,5 ,0.29,64.213,ETH,39 ,0.2,341.274,
10/15/2017, 22/10/30, BTC,114 ,0.15,5608.51,LTC,8 ,0.37,64.213,ETH,37 ,0.23,341.274,
10/15/2017, 22/11/00, BTC,76 ,0.11,5608.51,LTC,7 ,0.25,64.213,ETH,64 ,0.15,341.274,
10/15/2017, 22/11/31, BTC,56 ,0.07,5608.6,LTC,3 ,-0.02,64.2416,ETH,36 ,0.11,337.197,
10/15/2017, 22/12/01, BTC,57 ,0.14,5608.6,LTC,3 ,0.1,64.2416,ETH,30 ,0.35,337.197,
10/15/2017, 22/12/32, BTC,51 ,0.05,5608.6,LTC,1 ,0.72,64.2416,ETH,31 ,0.16,337.197,
10/15/2017, 22/13/03, BTC,39 ,0.17,5608.6,LTC,3 ,0.3,64.2416,ETH,34 ,0.19,337.197,
10/15/2017, 22/13/34, BTC,78 ,0.32,5608.6,LTC,4 ,0.13,64.2416,ETH,22 ,0.22,337.197,
10/15/2017, 22/14/04, BTC,36 ,0.23,5608.6,LTC,2 ,0.19,64.2416,ETH,19 ,0.19,337.197,
10/15/2017, 22/14/34, BTC,47 ,0.15,5608.6,LTC,4 ,0.45,64.2416,ETH,26 ,0.4,337.197,
10/15/2017, 22/15/04, BTC,38 ,0.07,5608.6,LTC,3 ,0.22,64.2416,ETH,16 ,0.32,337.197,
10/15/2017, 22/15/35, BTC,71 ,0.08,5596.49,LTC,1 ,0.36,63.9626,ETH,67 ,0.22,337.999,
10/15/2017, 22/16/05, BTC,55 ,0.13,5596.49,LTC,4 ,-0.01,63.9626,ETH,42 ,0.3,337.999,
10/15/2017, 22/16/36, BTC,61 ,0.09,5596.49,LTC,1 ,0.08,63.9626,ETH,36 ,0.29,337.999,
10/15/2017, 22/17/07, BTC,39 ,0.26,5596.49,LTC,8 ,0.32,63.9626,ETH,43 ,0.29,337.999,
10/15/2017, 22/17/37, BTC,29 ,0.13,5596.49,LTC,1 ,0.23,63.9626,ETH,25 ,0.13,337.999,
10/15/2017, 22/18/07, BTC,44 ,0.22,5596.49,LTC,3 ,0.23,63.9626,ETH,19 ,0.37,337.999,
10/15/2017, 22/18/37, BTC,61 ,0.12,5596.49,LTC,9 ,0.28,63.9626,ETH,43 ,0.21,337.999,
10/15/2017, 22/19/07, BTC,31 ,0.22,5596.49,LTC,2 ,0.34,63.9626,ETH,34 ,0.23,337.999,
10/15/2017, 22/19/39, BTC,43 ,0.13,5596.49,LTC,5 ,0.02,63.9982,ETH,42 ,0.18,337.999,
10/15/2017, 22/20/09, BTC,57 ,0.15,5596.49,LTC,8 ,0.18,63.9982,ETH,45 ,0.14,337.999,
10/15/2017, 22/20/39, BTC,69 ,0.15,5596.49,LTC,9 ,0.32,63.9982,ETH,43 ,0.25,337.999,
10/15/2017, 22/21/10, BTC,33 ,0.07,5596.49,LTC,3 ,0.05,63.9982,ETH,47 ,0.07,337.999,
10/15/2017, 22/21/40, BTC,91 ,0.07,5601.1,LTC,8 ,0.05,63.9982,ETH,61 ,0.18,337.438,
10/15/2017, 22/22/10, BTC,64 ,0.13,5601.1,LTC,7 ,0.41,63.9982,ETH,54 ,0.26,337.438,
10/15/2017, 22/22/41, BTC,54 ,0.15,5601.1,LTC,8 ,0.1,63.9982,ETH,35 ,0.06,337.438,
10/15/2017, 22/23/11, BTC,58 ,0.09,5601.1,LTC,6 ,0.16,63.9982,ETH,49 ,0.15,337.438,
10/15/2017, 22/23/42, BTC,47 ,0.02,5601.1,LTC,8 ,0.07,63.9982,ETH,54 ,0.1,337.438,
10/15/2017, 22/24/12, BTC,42 ,0.08,5601.1,LTC,4 ,0.16,63.9982,ETH,55 ,0.09,337.438,
10/15/2017, 22/24/42, BTC,117 ,0.11,5601.1,LTC,6 ,0.16,63.9982,ETH,51 ,0.17,337.438,
10/15/2017, 22/25/13, BTC,75 ,0.14,5601.1,LTC,9 ,0.19,63.9982,ETH,58 ,0.1,337.438,
10/15/2017, 22/25/43, BTC,76 ,0.09,5599.58,LTC,14 ,0.1,63.9501,ETH,62 ,0.16,336.685,
10/15/2017, 22/26/14, BTC,58 ,0.11,5599.58,LTC,9 ,0.15,63.9501,ETH,59 ,0.08,336.685,
10/15/2017, 22/26/44, BTC,49 ,0.08,5599.58,LTC,7 ,0.18,63.9501,ETH,45 ,0.16,336.685,
10/15/2017, 22/27/14, BTC,57 ,0.09,5599.58,LTC,6 ,0.46,63.9501,ETH,48 ,0.16,336.685,
10/15/2017, 22/27/45, BTC,59 ,0.18,5599.58,LTC,2 ,0.0,63.9501,ETH,32 ,0.29,336.685,
10/15/2017, 22/28/15, BTC,39 ,0.14,5599.58,LTC,5 ,0.17,63.9501,ETH,51 ,0.14,336.685,
10/15/2017, 22/28/45, BTC,34 ,0.04,5599.58,LTC,12 ,-0.04,63.9501,ETH,33 ,0.04,336.685,
10/15/2017, 22/29/15, BTC,40 ,0.01,5599.58,LTC,4 ,0.3,63.9501,ETH,43 ,0.16,336.685,
10/15/2017, 22/29/45, BTC,32 ,0.05,5604.08,LTC,4 ,0.17,63.8308,ETH,49 ,0.16,341.105,
10/15/2017, 22/30/16, BTC,82 ,0.1,5604.08,LTC,10 ,0.28,63.8308,ETH,40 ,0.25,341.105,
10/15/2017, 22/30/46, BTC,83 ,0.04,5604.08,LTC,5 ,0.06,63.8308,ETH,33 ,0.22,341.105,
10/15/2017, 22/31/16, BTC,69 ,0.1,5604.08,LTC,4 ,0.15,63.8308,ETH,45 ,0.18,341.105,
10/15/2017, 22/31/48, BTC,53 ,0.09,5604.08,LTC,1 ,0.23,63.8308,ETH,40 ,0.05,341.105,
10/15/2017, 22/32/18, BTC,57 ,0.14,5604.08,LTC,3 ,0.23,63.8308,ETH,51 ,0.31,341.105,
10/15/2017, 22/32/49, BTC,28 ,0.08,5604.08,LTC,3 ,0.5,63.8308,ETH,45 ,0.27,341.105,
10/15/2017, 22/33/19, BTC,49 ,0.09,5604.08,LTC,7 ,0.23,63.8308,ETH,33 ,0.1,341.105,
10/15/2017, 22/33/49, BTC,44 ,0.09,5604.08,LTC,4 ,0.35,63.8308,ETH,38 ,0.21,341.105,
10/15/2017, 22/34/19, BTC,32 ,0.07,5604.08,LTC,3 ,0.59,63.8308,ETH,58 ,0.26,341.105,
10/15/2017, 22/34/49, BTC,26 ,0.09,5604.08,LTC,3 ,0.64,63.8308,ETH,61 ,0.2,341.105,
10/15/2017, 22/35/19, BTC,63 ,0.08,5604.08,LTC,8 ,0.18,63.8308,ETH,68 ,0.14,341.105,
10/15/2017, 22/35/50, BTC,51 ,0.16,5604.22,LTC,6 ,0.17,63.8567,ETH,39 ,0.27,342.401,
10/15/2017, 22/36/21, BTC,39 ,0.1,5604.22,LTC,3 ,0.08,63.8567,ETH,42 ,0.15,342.401,
10/15/2017, 22/36/51, BTC,40 ,0.07,5604.22,LTC,7 ,0.44,63.8567,ETH,26 ,0.19,342.401,
10/15/2017, 22/37/23, BTC,53 ,0.16,5604.22,LTC,3 ,0.86,63.8567,ETH,44 ,0.27,342.401,
10/15/2017, 22/37/54, BTC,69 ,0.17,5604.22,LTC,1 ,0.0,63.8567,ETH,40 ,0.09,342.401,
10/15/2017, 22/38/24, BTC,54 ,0.12,5604.22,LTC,5 ,0.3,63.8567,ETH,36 ,0.16,342.401,
10/15/2017, 22/38/55, BTC,44 ,0.13,5604.22,LTC,4 ,-0.12,63.8567,ETH,36 ,0.03,342.401,
10/15/2017, 22/39/26, BTC,40 ,0.17,5624.43,LTC,1 ,0.15,64.0993,ETH,26 ,0.25,346.279,
10/15/2017, 22/39/56, BTC,56 ,0.12,5624.43,LTC,4 ,0.39,64.0993,ETH,43 ,0.23,346.279,
10/15/2017, 22/40/26, BTC,70 ,0.17,5624.43,LTC,6 ,0.01,64.0993,ETH,45 ,0.23,346.279,
10/15/2017, 22/40/56, BTC,62 ,0.14,5624.43,LTC,3 ,0.12,64.0993,ETH,50 ,0.21,346.279,
10/15/2017, 22/41/27, BTC,39 ,0.13,5624.43,LTC,3 ,0.15,64.0993,ETH,36 ,0.2,346.279,
10/15/2017, 22/41/57, BTC,40 ,0.11,5624.43,LTC,2 ,-0.07,64.0993,ETH,34 ,0.19,346.279,
10/15/2017, 22/42/27, BTC,51 ,0.19,5624.43,LTC,6 ,0.46,64.0993,ETH,58 ,0.23,346.279,
10/15/2017, 22/42/58, BTC,48 ,0.13,5624.43,LTC,3 ,0.51,64.0993,ETH,54 ,0.23,346.279,
10/15/2017, 22/43/28, BTC,36 ,0.09,5624.43,LTC,2 ,0.11,64.0993,ETH,44 ,0.2,346.279,
10/15/2017, 22/43/58, BTC,37 ,0.16,5624.43,LTC,4 ,0.34,64.0993,ETH,40 ,0.21,346.279,
10/15/2017, 22/44/29, BTC,45 ,0.15,5624.43,LTC,6 ,0.29,64.0993,ETH,38 ,0.31,346.279,
10/15/2017, 22/45/00, BTC,38 ,0.09,5624.43,LTC,3 ,0.12,64.0993,ETH,35 ,0.21,346.279,
10/15/2017, 22/45/30, BTC,54 ,0.12,5645.33,LTC,6 ,0.21,64.4865,ETH,39 ,0.12,349.345,
10/15/2017, 22/46/00, BTC,64 ,0.1,5645.33,LTC,1 ,0.34,64.4865,ETH,44 ,0.38,349.345,
10/15/2017, 22/46/31, BTC,59 ,0.1,5645.33,LTC,5 ,0.51,64.4865,ETH,52 ,0.18,349.345,
10/15/2017, 22/47/01, BTC,47 ,0.15,5645.33,LTC,5 ,0.2,64.4865,ETH,42 ,0.17,349.345,
10/15/2017, 22/47/31, BTC,63 ,0.11,5645.33,LTC,4 ,0.49,64.4865,ETH,52 ,0.23,349.345,
10/15/2017, 22/48/02, BTC,46 ,0.13,5645.33,LTC,4 ,0.49,64.4865,ETH,56 ,0.2,349.345,
10/15/2017, 22/48/32, BTC,61 ,0.07,5645.33,LTC,9 ,0.06,64.4865,ETH,81 ,0.12,349.345,
10/15/2017, 22/49/02, BTC,64 ,0.14,5645.33,LTC,9 ,0.26,64.4865,ETH,54 ,0.22,349.345,
10/15/2017, 22/49/32, BTC,42 ,0.08,5645.33,LTC,3 ,0.13,64.4865,ETH,61 ,0.22,349.345,
10/15/2017, 22/50/03, BTC,36 ,0.17,5642.58,LTC,5 ,-0.02,64.3007,ETH,25 ,0.22,348.163,
10/15/2017, 22/50/33, BTC,54 ,0.17,5642.58,LTC,4 ,0.5,64.3007,ETH,67 ,0.24,348.163,
10/15/2017, 22/51/04, BTC,43 ,0.06,5642.58,LTC,0 ,N/A,64.3007,ETH,35 ,0.18,348.163,
10/15/2017, 22/51/34, BTC,85 ,0.13,5642.58,LTC,3 ,0.29,64.3007,ETH,54 ,0.26,348.163,
10/15/2017, 22/52/04, BTC,51 ,0.11,5642.58,LTC,5 ,0.06,64.3007,ETH,50 ,0.24,348.163,
10/15/2017, 22/52/34, BTC,37 ,0.08,5642.58,LTC,9 ,0.16,64.3007,ETH,41 ,0.16,348.163,
10/15/2017, 22/53/05, BTC,34 ,0.1,5642.58,LTC,1 ,0.59,64.3007,ETH,28 ,0.15,348.163,
10/15/2017, 22/53/35, BTC,57 ,0.1,5642.58,LTC,5 ,0.4,64.3007,ETH,61 ,0.19,348.163,
10/15/2017, 22/54/06, BTC,45 ,0.12,5642.58,LTC,6 ,0.07,64.3007,ETH,44 ,0.14,348.163,
10/15/2017, 22/54/36, BTC,36 ,0.15,5642.58,LTC,1 ,0.75,64.3007,ETH,41 ,0.2,348.163,
10/15/2017, 22/55/07, BTC,35 ,0.05,5642.58,LTC,7 ,0.24,64.3007,ETH,22 ,0.25,348.163,
10/15/2017, 22/55/37, BTC,37 ,0.18,5642.58,LTC,0 ,N/A,64.3007,ETH,42 ,0.18,348.163,
10/15/2017, 22/56/07, BTC,46 ,0.19,5642.89,LTC,0 ,N/A,64.2666,ETH,39 ,0.24,346.711,
10/15/2017, 22/56/37, BTC,52 ,0.08,5642.89,LTC,5 ,0.37,64.2666,ETH,57 ,0.19,346.711,
10/15/2017, 22/57/08, BTC,50 ,0.07,5642.89,LTC,3 ,0.0,64.2666,ETH,32 ,0.29,346.711,
10/15/2017, 22/57/39, BTC,61 ,0.12,5642.89,LTC,7 ,0.31,64.2666,ETH,45 ,0.21,346.711,
10/15/2017, 22/58/09, BTC,30 ,0.19,5642.89,LTC,6 ,0.05,64.2666,ETH,21 ,0.16,346.711,
10/15/2017, 22/58/40, BTC,35 ,0.24,5642.89,LTC,0 ,N/A,64.2666,ETH,45 ,0.18,346.711,
10/15/2017, 22/59/11, BTC,35 ,0.18,5642.89,LTC,3 ,0.18,64.2666,ETH,37 ,0.14,346.711,
10/15/2017, 22/59/41, BTC,54 ,0.27,5642.89,LTC,1 ,0.08,64.2666,ETH,50 ,0.2,346.711,
10/15/2017, 23/00/11, BTC,100 ,0.19,5635.49,LTC,12 ,0.04,64.2527,ETH,65 ,0.19,348.225,
10/15/2017, 23/00/42, BTC,134 ,0.16,5635.49,LTC,12 ,0.02,64.2527,ETH,59 ,0.21,348.225,
10/15/2017, 23/01/12, BTC,90 ,0.2,5635.49,LTC,6 ,0.33,64.2527,ETH,53 ,0.11,348.225,
10/15/2017, 23/01/42, BTC,89 ,0.22,5635.49,LTC,6 ,0.29,64.2527,ETH,58 ,0.18,348.225,
10/15/2017, 23/02/13, BTC,89 ,0.19,5635.49,LTC,5 ,-0.05,64.2527,ETH,94 ,0.08,348.225,
10/15/2017, 23/02/43, BTC,55 ,0.37,5635.49,LTC,2 ,-0.1,64.2527,ETH,51 ,0.16,348.225,
10/15/2017, 23/03/13, BTC,66 ,0.27,5635.49,LTC,3 ,-0.14,64.2527,ETH,38 ,0.11,348.225,
10/15/2017, 23/03/43, BTC,64 ,0.2,5635.49,LTC,4 ,0.23,64.2527,ETH,68 ,0.2,348.225,
10/15/2017, 23/04/13, BTC,44 ,0.17,5635.49,LTC,4 ,0.27,64.2527,ETH,46 ,0.07,348.225,
10/15/2017, 23/04/43, BTC,57 ,0.29,5635.49,LTC,5 ,0.42,64.2527,ETH,29 ,0.18,348.225,
10/15/2017, 23/05/13, BTC,64 ,0.43,5635.49,LTC,4 ,0.51,64.2527,ETH,40 ,0.16,348.225,
10/15/2017, 23/05/43, BTC,52 ,0.29,5635.49,LTC,4 ,0.01,64.2527,ETH,45 ,0.16,348.225,
10/15/2017, 23/06/14, BTC,59 ,0.31,5633.45,LTC,3 ,0.44,64.1953,ETH,58 ,-0.01,349.3,
10/15/2017, 23/06/44, BTC,58 ,0.32,5633.45,LTC,3 ,0.21,64.1953,ETH,57 ,0.02,349.3,
10/15/2017, 23/07/14, BTC,51 ,0.34,5633.45,LTC,2 ,-0.1,64.1953,ETH,49 ,0.21,349.3,
10/15/2017, 23/07/44, BTC,46 ,0.16,5633.45,LTC,3 ,0.54,64.1953,ETH,50 ,0.02,349.3,
10/15/2017, 23/08/14, BTC,61 ,0.11,5633.45,LTC,3 ,0.04,64.1953,ETH,111 ,0.02,349.3,
10/15/2017, 23/08/44, BTC,60 ,0.28,5633.45,LTC,2 ,0.13,64.1953,ETH,93 ,0.02,349.3,
10/15/2017, 23/09/14, BTC,56 ,0.16,5633.45,LTC,1 ,0.68,64.1953,ETH,53 ,0.13,349.3,
10/15/2017, 23/09/44, BTC,50 ,0.3,5633.45,LTC,2 ,-0.05,64.1953,ETH,52 ,0.09,349.3,
10/15/2017, 23/10/14, BTC,72 ,0.17,5634.41,LTC,6 ,0.18,64.2509,ETH,59 ,0.07,348.952,
10/15/2017, 23/10/45, BTC,69 ,0.17,5634.41,LTC,3 ,0.22,64.2509,ETH,65 ,0.09,348.952,
10/15/2017, 23/11/15, BTC,69 ,0.21,5634.41,LTC,1 ,0.57,64.2509,ETH,46 ,0.09,348.952,
10/15/2017, 23/11/45, BTC,76 ,0.14,5634.41,LTC,5 ,0.11,64.2509,ETH,57 ,0.08,348.952,
10/15/2017, 23/12/15, BTC,62 ,0.14,5634.41,LTC,4 ,0.45,64.2509,ETH,68 ,0.02,348.952,
10/15/2017, 23/12/45, BTC,55 ,0.21,5634.41,LTC,3 ,-0.03,64.2509,ETH,43 ,0.18,348.952,
10/15/2017, 23/13/16, BTC,48 ,0.19,5634.41,LTC,0 ,N/A,64.2509,ETH,49 ,0.04,348.952,
10/15/2017, 23/13/46, BTC,55 ,0.18,5634.41,LTC,0 ,N/A,64.2509,ETH,67 ,0.08,348.952,
10/15/2017, 23/14/16, BTC,61 ,0.14,5634.41,LTC,3 ,0.31,64.2509,ETH,34 ,0.19,348.952,
10/15/2017, 23/14/46, BTC,70 ,0.18,5634.41,LTC,1 ,0.68,64.2509,ETH,56 ,0.13,348.952,
10/15/2017, 23/15/17, BTC,75 ,0.19,5634.41,LTC,8 ,0.27,64.2509,ETH,60 ,0.11,348.952,
10/15/2017, 23/15/47, BTC,63 ,0.36,5634.41,LTC,8 ,0.26,64.2509,ETH,59 ,0.1,348.952,
10/15/2017, 23/16/17, BTC,80 ,0.29,5628.25,LTC,4 ,0.22,64.2526,ETH,80 ,0.17,347.645,
10/15/2017, 23/16/48, BTC,83 ,0.2,5628.25,LTC,1 ,0.0,64.2526,ETH,46 ,0.09,347.645,
10/15/2017, 23/17/18, BTC,70 ,0.23,5628.25,LTC,3 ,0.0,64.2526,ETH,52 ,0.07,347.645,
10/15/2017, 23/17/48, BTC,56 ,0.18,5628.25,LTC,7 ,0.2,64.2526,ETH,53 ,0.05,347.645,
10/15/2017, 23/18/18, BTC,80 ,0.26,5628.25,LTC,2 ,0.18,64.2526,ETH,69 ,0.12,347.645,
10/15/2017, 23/18/48, BTC,71 ,0.2,5628.25,LTC,7 ,0.4,64.2526,ETH,76 ,0.08,347.645,
10/15/2017, 23/19/19, BTC,64 ,0.22,5628.25,LTC,3 ,0.32,64.2526,ETH,43 ,0.04,347.645,
10/15/2017, 23/19/49, BTC,64 ,0.25,5628.25,LTC,2 ,0.34,64.2526,ETH,57 ,0.1,347.645,
10/15/2017, 23/20/19, BTC,83 ,0.21,5610.75,LTC,7 ,0.13,64.0836,ETH,60 ,0.14,346.702,
10/15/2017, 23/20/49, BTC,48 ,0.22,5610.75,LTC,6 ,0.16,64.0836,ETH,41 ,0.15,346.702,
10/15/2017, 23/21/20, BTC,67 ,0.14,5610.75,LTC,7 ,0.08,64.0836,ETH,61 ,0.07,346.702,
10/15/2017, 23/21/50, BTC,45 ,0.27,5610.75,LTC,2 ,0.0,64.0836,ETH,19 ,0.05,346.702,
10/15/2017, 23/22/20, BTC,62 ,0.25,5610.75,LTC,1 ,0.0,64.0836,ETH,44 ,0.11,346.702,
10/15/2017, 23/22/51, BTC,64 ,0.28,5610.75,LTC,0 ,N/A,64.0836,ETH,40 ,0.09,346.702,
10/15/2017, 23/23/22, BTC,58 ,0.23,5610.75,LTC,9 ,0.2,64.0836,ETH,67 ,0.13,346.702,
10/15/2017, 23/23/52, BTC,71 ,0.28,5610.75,LTC,5 ,0.21,64.0836,ETH,57 ,0.15,346.702,
10/15/2017, 23/24/22, BTC,55 ,0.24,5610.75,LTC,6 ,0.06,64.0771,ETH,64 ,0.08,346.702,
10/15/2017, 23/24/52, BTC,47 ,0.14,5610.75,LTC,3 ,0.0,64.0771,ETH,42 ,0.12,346.702,
10/15/2017, 23/25/23, BTC,74 ,0.24,5610.75,LTC,5 ,0.08,64.0771,ETH,65 ,0.1,346.702,
10/15/2017, 23/25/53, BTC,73 ,0.27,5610.75,LTC,3 ,0.47,64.0771,ETH,55 ,0.13,346.702,
10/15/2017, 23/26/23, BTC,82 ,0.19,5607.54,LTC,3 ,0.27,64.0771,ETH,66 ,0.15,346.761,
10/15/2017, 23/26/54, BTC,87 ,0.21,5607.54,LTC,6 ,0.16,64.0771,ETH,52 ,0.19,346.761,
10/15/2017, 23/27/24, BTC,80 ,0.18,5607.54,LTC,2 ,-0.15,64.0771,ETH,62 ,0.17,346.761,
10/15/2017, 23/27/55, BTC,76 ,0.12,5607.54,LTC,0 ,N/A,64.0771,ETH,29 ,0.09,346.761,
10/15/2017, 23/28/25, BTC,75 ,0.18,5607.54,LTC,4 ,-0.07,64.0771,ETH,51 ,0.12,346.761,
10/15/2017, 23/28/55, BTC,67 ,0.19,5607.54,LTC,9 ,0.08,64.0771,ETH,85 ,0.1,346.761,
10/15/2017, 23/29/25, BTC,118 ,0.14,5607.54,LTC,6 ,0.08,64.0771,ETH,109 ,0.11,346.761,
10/15/2017, 23/29/55, BTC,59 ,0.23,5607.54,LTC,7 ,0.25,64.0771,ETH,66 ,0.16,346.761,
10/15/2017, 23/30/25, BTC,90 ,0.14,5622.68,LTC,5 ,0.25,64.0176,ETH,57 ,0.09,345.765,
10/15/2017, 23/30/55, BTC,68 ,0.17,5622.68,LTC,5 ,0.12,64.0176,ETH,48 ,0.2,345.765,
10/15/2017, 23/31/26, BTC,98 ,0.18,5622.68,LTC,2 ,0.0,64.0176,ETH,82 ,0.2,345.765,
10/15/2017, 23/31/56, BTC,85 ,0.14,5622.68,LTC,3 ,-0.1,64.0176,ETH,87 ,0.13,345.765,
10/15/2017, 23/32/26, BTC,67 ,0.11,5622.68,LTC,5 ,0.3,64.0176,ETH,62 ,0.08,345.765,
10/15/2017, 23/32/57, BTC,74 ,0.12,5622.68,LTC,6 ,0.38,64.0176,ETH,59 ,0.19,345.765,
10/15/2017, 23/33/27, BTC,58 ,0.08,5622.68,LTC,3 ,0.3,64.0176,ETH,51 ,0.08,345.765,
10/15/2017, 23/33/57, BTC,66 ,0.09,5622.68,LTC,4 ,0.21,64.0176,ETH,46 ,0.08,345.765,
10/15/2017, 23/34/28, BTC,49 ,0.08,5622.68,LTC,5 ,0.24,63.873,ETH,59 ,0.13,344.292,
10/15/2017, 23/34/58, BTC,47 ,0.03,5622.68,LTC,2 ,0.16,63.873,ETH,41 ,0.11,344.292,
10/15/2017, 23/35/29, BTC,84 ,0.05,5622.68,LTC,5 ,0.26,63.873,ETH,67 ,0.12,344.292,
10/15/2017, 23/35/59, BTC,55 ,0.1,5622.68,LTC,8 ,0.27,63.873,ETH,65 ,0.1,344.292,
10/15/2017, 23/36/30, BTC,71 ,0.04,5627.3,LTC,6 ,0.19,63.873,ETH,88 ,0.1,344.292,
10/15/2017, 23/37/00, BTC,50 ,0.08,5627.3,LTC,4 ,0.38,63.873,ETH,55 ,0.13,344.292,
10/15/2017, 23/37/30, BTC,52 ,0.03,5627.3,LTC,3 ,0.23,63.873,ETH,45 ,0.1,344.292,
10/15/2017, 23/38/01, BTC,47 ,0.08,5627.3,LTC,4 ,0.5,63.873,ETH,49 ,0.17,344.292,
10/15/2017, 23/38/32, BTC,53 ,0.16,5627.3,LTC,2 ,-0.1,63.873,ETH,65 ,0.03,344.292,
10/15/2017, 23/39/02, BTC,45 ,0.18,5627.3,LTC,9 ,0.37,63.873,ETH,52 ,0.21,344.292,
10/15/2017, 23/39/33, BTC,60 ,0.15,5627.3,LTC,6 ,0.09,63.873,ETH,68 ,0.11,344.292,
10/15/2017, 23/40/03, BTC,55 ,0.08,5627.3,LTC,1 ,0.86,63.873,ETH,80 ,0.25,344.292,
10/15/2017, 23/40/34, BTC,53 ,0.06,5623.31,LTC,3 ,0.16,63.7842,ETH,65 ,0.11,344.491,
10/15/2017, 23/41/04, BTC,65 ,0.09,5623.31,LTC,6 ,0.29,63.7842,ETH,53 ,0.19,344.491,
10/15/2017, 23/41/34, BTC,72 ,0.09,5623.31,LTC,3 ,0.29,63.7842,ETH,59 ,0.17,344.491,
10/15/2017, 23/42/04, BTC,50 ,0.08,5623.31,LTC,2 ,-0.05,63.7842,ETH,52 ,0.15,344.491,
10/15/2017, 23/42/34, BTC,61 ,0.08,5623.31,LTC,5 ,0.26,63.7842,ETH,66 ,0.19,344.491,
10/15/2017, 23/43/04, BTC,54 ,0.09,5623.31,LTC,11 ,0.25,63.7842,ETH,57 ,0.2,344.491,
10/15/2017, 23/43/35, BTC,68 ,0.11,5623.31,LTC,5 ,0.35,63.7842,ETH,72 ,0.15,344.491,
10/15/2017, 23/44/05, BTC,54 ,0.04,5623.31,LTC,14 ,0.15,63.7842,ETH,51 ,0.13,344.491,
10/15/2017, 23/44/35, BTC,77 ,0.08,5628.39,LTC,10 ,0.23,63.78,ETH,87 ,0.17,343.207,
10/15/2017, 23/45/05, BTC,57 ,0.06,5628.39,LTC,3 ,0.19,63.78,ETH,72 ,0.1,343.207,
10/15/2017, 23/45/35, BTC,87 ,0.03,5628.39,LTC,12 ,0.19,63.78,ETH,64 ,0.1,343.207,
10/15/2017, 23/46/05, BTC,76 ,0.09,5628.39,LTC,9 ,0.0,63.78,ETH,59 ,0.11,343.207,
10/15/2017, 23/46/36, BTC,61 ,0.1,5628.39,LTC,8 ,0.11,63.78,ETH,62 ,0.13,343.207,
10/15/2017, 23/47/06, BTC,60 ,0.12,5628.39,LTC,3 ,0.57,63.78,ETH,58 ,0.12,343.207,
10/15/2017, 23/47/38, BTC,76 ,0.09,5628.39,LTC,8 ,0.2,63.78,ETH,51 ,0.17,343.207,
10/15/2017, 23/48/08, BTC,45 ,0.22,5628.39,LTC,9 ,0.17,63.78,ETH,32 ,0.36,343.207,
10/15/2017, 23/48/39, BTC,95 ,0.12,5628.39,LTC,15 ,0.14,63.78,ETH,66 ,0.15,343.207,
10/15/2017, 23/49/09, BTC,41 ,0.22,5628.39,LTC,6 ,0.35,63.78,ETH,26 ,0.29,343.207,
10/15/2017, 23/49/40, BTC,47 ,0.02,5628.39,LTC,8 ,0.08,63.78,ETH,40 ,0.05,343.207,
10/15/2017, 23/50/10, BTC,51 ,0.07,5628.39,LTC,2 ,0.09,63.78,ETH,50 ,0.14,343.207,
10/15/2017, 23/50/40, BTC,67 ,0.12,5627.7,LTC,17 ,0.05,63.6481,ETH,57 ,0.06,342.684,
10/15/2017, 23/51/11, BTC,43 ,0.05,5627.7,LTC,3 ,0.24,63.6481,ETH,46 ,0.05,342.684,
10/15/2017, 23/51/41, BTC,54 ,0.22,5627.7,LTC,10 ,0.2,63.6481,ETH,42 ,0.1,342.684,
10/15/2017, 23/52/11, BTC,41 ,0.14,5627.7,LTC,12 ,0.22,63.6481,ETH,34 ,0.12,342.684,
10/15/2017, 23/52/41, BTC,60 ,0.15,5627.7,LTC,9 ,0.45,63.6481,ETH,48 ,0.23,342.684,
10/15/2017, 23/53/11, BTC,51 ,0.25,5627.7,LTC,9 ,0.56,63.6481,ETH,45 ,0.21,342.684,
10/15/2017, 23/53/41, BTC,65 ,0.12,5627.7,LTC,11 ,0.26,63.6481,ETH,52 ,0.17,342.684,
10/15/2017, 23/54/12, BTC,48 ,0.17,5627.7,LTC,7 ,0.38,63.6481,ETH,40 ,0.27,342.684,
10/15/2017, 23/54/42, BTC,43 ,0.19,5622.05,LTC,7 ,0.23,63.6505,ETH,35 ,0.16,343.39,
10/15/2017, 23/55/12, BTC,64 ,0.13,5622.05,LTC,13 ,0.29,63.6505,ETH,21 ,0.13,343.39,
10/15/2017, 23/55/43, BTC,60 ,0.1,5622.05,LTC,10 ,0.4,63.6505,ETH,44 ,0.15,343.39,
10/15/2017, 23/56/13, BTC,58 ,0.11,5622.05,LTC,5 ,0.39,63.6505,ETH,42 ,0.14,343.39,
10/15/2017, 23/56/44, BTC,81 ,0.04,5622.05,LTC,5 ,0.48,63.6505,ETH,38 ,0.12,343.39,
10/15/2017, 23/57/14, BTC,53 ,0.07,5622.05,LTC,8 ,0.35,63.6505,ETH,31 ,0.09,343.39,
10/15/2017, 23/57/44, BTC,63 ,0.03,5622.05,LTC,11 ,0.48,63.6505,ETH,37 ,0.2,343.39,
10/15/2017, 23/58/14, BTC,67 ,0.03,5622.05,LTC,3 ,0.47,63.6505,ETH,32 ,0.16,343.39,
10/15/2017, 23/58/44, BTC,74 ,0.06,5622.05,LTC,2 ,0.19,63.6505,ETH,53 ,0.18,343.39,
10/15/2017, 23/59/15, BTC,48 ,0.03,5622.05,LTC,5 ,0.47,63.6505,ETH,33 ,0.15,343.39,
10/15/2017, 23/59/45, BTC,57 ,0.08,5622.05,LTC,2 ,0.59,63.6505,ETH,48 ,0.15,343.39,
