09/17/2017, 14/49/54, BTC ,0 ,N/A, 3607.1 LTC ,0 ,N/A, 49.0294 ETH ,0 ,N/A, 251.944 
09/17/2017, 14/50/24, BTC ,60 ,-0.01, 3607.1 LTC ,5 ,0.33, 49.0294 ETH ,21 ,0.1, 251.944 
09/17/2017, 14/50/55, BTC ,34 ,0.1, 3602.94 LTC ,4 ,0.13, 48.8505 ETH ,13 ,0.04, 251.549 
09/17/2017, 14/51/27, BTC ,48 ,-0.0, 3602.94 LTC ,3 ,0.19, 48.8505 ETH ,16 ,0.13, 251.549 
09/17/2017, 14/51/58, BTC ,42 ,-0.04, 3602.94 LTC ,4 ,0.15, 48.8505 ETH ,14 ,0.18, 251.549 
09/17/2017, 14/52/29, BTC ,46 ,0.04, 3602.94 LTC ,9 ,0.01, 48.8505 ETH ,23 ,0.08, 251.549 
09/17/2017, 14/52/59, BTC ,50 ,0.08, 3602.94 LTC ,2 ,-0.19, 48.8505 ETH ,20 ,0.09, 251.549 
09/17/2017, 14/53/29, BTC ,59 ,0.08, 3602.94 LTC ,6 ,0.3, 48.8505 ETH ,17 ,0.15, 251.549 
09/17/2017, 14/53/59, BTC ,28 ,0.12, 3602.94 LTC ,3 ,0.27, 48.8505 ETH ,7 ,0.0, 251.549 
09/17/2017, 14/54/29, BTC ,31 ,0.08, 3602.94 LTC ,1 ,0.0, 48.8505 ETH ,10 ,0.1, 251.549 
09/17/2017, 14/55/02, BTC ,48 ,0.14, 3602.03 LTC ,3 ,0.17, 48.8884 ETH ,26 ,0.3, 251.331 
09/17/2017, 14/55/32, BTC ,41 ,0.1, 3602.03 LTC ,3 ,0.22, 48.8884 ETH ,5 ,-0.03, 251.331 
09/17/2017, 14/56/02, BTC ,33 ,0.04, 3602.03 LTC ,2 ,0.0, 48.8884 ETH ,15 ,0.23, 251.331 
09/17/2017, 14/56/33, BTC ,35 ,0.05, 3602.03 LTC ,5 ,0.17, 48.8884 ETH ,23 ,0.14, 251.331 
09/17/2017, 14/57/03, BTC ,33 ,0.19, 3602.03 LTC ,2 ,-0.19, 48.8884 ETH ,7 ,0.38, 251.331 
09/17/2017, 14/57/34, BTC ,33 ,0.15, 3602.03 LTC ,3 ,0.15, 48.8884 ETH ,12 ,0.27, 251.331 
09/17/2017, 14/58/05, BTC ,32 ,-0.02, 3602.03 LTC ,3 ,0.0, 48.8884 ETH ,11 ,0.0, 251.331 
09/17/2017, 14/58/38, BTC ,32 ,0.03, 3602.03 LTC ,3 ,0.0, 48.8884 ETH ,13 ,0.02, 251.331 
09/17/2017, 14/59/09, BTC ,39 ,0.08, 3602.03 LTC ,3 ,0.07, 48.8884 ETH ,26 ,0.15, 251.331 
09/17/2017, 14/59/39, BTC ,41 ,0.06, 3602.03 LTC ,7 ,0.24, 48.8884 ETH ,23 ,0.14, 251.331 
09/17/2017, 15/00/09, BTC ,76 ,0.1, 3602.03 LTC ,10 ,0.09, 48.8884 ETH ,37 ,0.12, 251.331 
09/17/2017, 15/00/40, BTC ,81 ,0.14, 3602.03 LTC ,11 ,0.04, 48.8884 ETH ,33 ,0.11, 251.331 
09/17/2017, 15/01/10, BTC ,98 ,0.12, 3599.95 LTC ,12 ,0.04, 48.9051 ETH ,23 ,0.11, 251.514 
09/17/2017, 15/01/41, BTC ,85 ,0.13, 3599.95 LTC ,19 ,0.23, 48.9051 ETH ,35 ,0.22, 251.514 
09/17/2017, 15/02/11, BTC ,41 ,0.02, 3599.95 LTC ,6 ,0.09, 48.9051 ETH ,10 ,0.12, 251.514 
09/17/2017, 15/02/42, BTC ,47 ,0.14, 3599.95 LTC ,5 ,0.14, 48.9051 ETH ,8 ,0.43, 251.514 
09/17/2017, 15/03/13, BTC ,44 ,0.03, 3599.95 LTC ,2 ,0.0, 48.9051 ETH ,20 ,0.01, 251.514 
09/17/2017, 15/03/44, BTC ,75 ,-0.0, 3599.95 LTC ,6 ,0.04, 48.9051 ETH ,17 ,0.03, 251.514 
09/17/2017, 15/04/14, BTC ,27 ,-0.01, 3599.95 LTC ,3 ,0.05, 48.9051 ETH ,8 ,-0.01, 251.514 
09/17/2017, 15/04/45, BTC ,35 ,0.11, 3599.95 LTC ,3 ,-0.19, 48.9051 ETH ,15 ,0.23, 251.514 
09/17/2017, 15/05/15, BTC ,43 ,0.13, 3606.53 LTC ,3 ,0.08, 48.9528 ETH ,15 ,0.17, 252.154 
09/17/2017, 15/05/46, BTC ,40 ,0.07, 3606.53 LTC ,5 ,0.04, 48.9528 ETH ,20 ,0.1, 252.154 
09/17/2017, 15/06/17, BTC ,50 ,0.11, 3606.53 LTC ,5 ,-0.15, 48.9528 ETH ,12 ,0.29, 252.154 
09/17/2017, 15/06/47, BTC ,35 ,-0.06, 3606.53 LTC ,6 ,-0.12, 48.9528 ETH ,10 ,-0.05, 252.154 
09/17/2017, 15/07/18, BTC ,36 ,0.11, 3606.53 LTC ,2 ,0.0, 48.9528 ETH ,16 ,0.02, 252.154 
09/17/2017, 15/07/49, BTC ,22 ,-0.02, 3606.53 LTC ,5 ,0.16, 48.9528 ETH ,11 ,0.15, 252.154 
09/17/2017, 15/08/19, BTC ,36 ,0.19, 3606.53 LTC ,6 ,-0.09, 48.9528 ETH ,13 ,0.22, 252.154 
09/17/2017, 15/08/49, BTC ,33 ,0.11, 3606.53 LTC ,3 ,0.14, 48.9528 ETH ,17 ,0.26, 252.154 
09/17/2017, 15/09/19, BTC ,32 ,0.06, 3606.53 LTC ,0 ,N/A, 48.9528 ETH ,12 ,-0.01, 252.154 
09/17/2017, 15/09/49, BTC ,31 ,0.12, 3606.53 LTC ,8 ,0.07, 48.9528 ETH ,13 ,0.21, 252.154 
09/17/2017, 15/10/20, BTC ,69 ,0.11, 3606.53 LTC ,2 ,0.24, 48.9528 ETH ,11 ,0.11, 252.154 
09/17/2017, 15/10/51, BTC ,40 ,0.02, 3606.53 LTC ,4 ,0.02, 48.9528 ETH ,12 ,0.11, 252.154 
09/17/2017, 15/11/22, BTC ,46 ,0.04, 3608.32 LTC ,2 ,0.24, 48.9688 ETH ,11 ,0.1, 252.365 
09/17/2017, 15/11/53, BTC ,39 ,0.04, 3608.32 LTC ,6 ,0.08, 48.9688 ETH ,10 ,0.25, 252.365 
09/17/2017, 15/12/24, BTC ,41 ,-0.01, 3608.32 LTC ,1 ,-0.38, 48.9688 ETH ,8 ,0.11, 252.365 
09/17/2017, 15/12/54, BTC ,39 ,0.14, 3608.32 LTC ,3 ,0.09, 48.9688 ETH ,17 ,0.22, 252.365 
09/17/2017, 15/13/24, BTC ,24 ,0.12, 3608.32 LTC ,3 ,-0.08, 48.9688 ETH ,3 ,0.25, 252.365 
09/17/2017, 15/13/55, BTC ,34 ,0.17, 3608.32 LTC ,4 ,0.31, 48.9688 ETH ,11 ,0.1, 252.365 
09/17/2017, 15/14/26, BTC ,52 ,0.13, 3608.32 LTC ,1 ,0.28, 48.9688 ETH ,14 ,0.02, 252.365 
09/17/2017, 15/14/57, BTC ,36 ,0.11, 3608.32 LTC ,1 ,0.38, 48.9688 ETH ,4 ,0.0, 252.365 
09/17/2017, 15/15/27, BTC ,77 ,0.16, 3620.3 LTC ,9 ,-0.01, 49.045 ETH ,29 ,0.12, 253.919 
09/17/2017, 15/15/58, BTC ,44 ,0.03, 3620.3 LTC ,6 ,-0.04, 49.045 ETH ,15 ,0.14, 253.919 
09/17/2017, 15/16/30, BTC ,26 ,0.11, 3620.3 LTC ,5 ,0.05, 49.045 ETH ,13 ,0.04, 253.919 
09/17/2017, 15/17/01, BTC ,28 ,0.16, 3620.3 LTC ,1 ,0.85, 49.045 ETH ,12 ,0.41, 253.919 
09/17/2017, 15/17/33, BTC ,58 ,0.22, 3620.3 LTC ,7 ,0.15, 49.045 ETH ,21 ,0.19, 253.919 
09/17/2017, 15/18/04, BTC ,26 ,0.11, 3620.3 LTC ,6 ,0.06, 49.045 ETH ,6 ,0.24, 253.919 
09/17/2017, 15/18/35, BTC ,29 ,0.06, 3620.3 LTC ,6 ,0.04, 49.045 ETH ,11 ,0.19, 253.919 
09/17/2017, 15/19/05, BTC ,31 ,0.0, 3620.3 LTC ,5 ,-0.03, 49.045 ETH ,14 ,0.06, 253.919 
09/17/2017, 15/19/35, BTC ,39 ,0.01, 3620.3 LTC ,2 ,-0.2, 49.045 ETH ,14 ,0.07, 253.919 
09/17/2017, 15/20/05, BTC ,55 ,0.16, 3620.3 LTC ,10 ,0.28, 49.045 ETH ,18 ,0.08, 253.919 
09/17/2017, 15/20/35, BTC ,56 ,0.2, 3620.3 LTC ,3 ,0.13, 49.045 ETH ,16 ,0.13, 253.919 
09/17/2017, 15/21/05, BTC ,31 ,0.06, 3620.3 LTC ,5 ,-0.02, 49.045 ETH ,10 ,0.19, 253.919 
09/17/2017, 15/21/38, BTC ,51 ,0.04, 3623.16 LTC ,5 ,0.06, 49.2052 ETH ,27 ,0.23, 253.885 
09/17/2017, 15/22/09, BTC ,29 ,0.04, 3623.16 LTC ,3 ,0.09, 49.2052 ETH ,8 ,0.07, 253.885 
09/17/2017, 15/22/40, BTC ,49 ,-0.0, 3623.16 LTC ,1 ,0.0, 49.2052 ETH ,14 ,0.02, 253.885 
09/17/2017, 15/23/10, BTC ,34 ,0.08, 3623.16 LTC ,2 ,-0.16, 49.2052 ETH ,10 ,0.25, 253.885 
09/17/2017, 15/23/43, BTC ,64 ,0.06, 3623.16 LTC ,4 ,-0.02, 49.2052 ETH ,22 ,0.17, 253.885 
09/17/2017, 15/24/14, BTC ,40 ,0.14, 3623.16 LTC ,0 ,N/A, 49.2052 ETH ,4 ,0.25, 253.885 
09/17/2017, 15/24/44, BTC ,48 ,-0.01, 3623.16 LTC ,5 ,0.13, 49.2052 ETH ,20 ,-0.03, 253.885 
09/17/2017, 15/25/15, BTC ,55 ,0.07, 3622.48 LTC ,4 ,0.08, 49.179 ETH ,14 ,0.22, 253.816 
09/17/2017, 15/25/46, BTC ,57 ,-0.0, 3622.48 LTC ,5 ,0.09, 49.179 ETH ,11 ,0.21, 253.816 
09/17/2017, 15/26/17, BTC ,53 ,0.06, 3622.48 LTC ,5 ,-0.06, 49.179 ETH ,23 ,0.09, 253.816 
09/17/2017, 15/26/49, BTC ,32 ,0.16, 3622.48 LTC ,6 ,0.26, 49.179 ETH ,29 ,0.1, 253.816 
09/17/2017, 15/27/19, BTC ,45 ,0.06, 3622.48 LTC ,5 ,0.24, 49.179 ETH ,21 ,0.13, 253.816 
09/17/2017, 15/27/51, BTC ,36 ,0.11, 3622.48 LTC ,2 ,0.08, 49.179 ETH ,10 ,0.24, 253.816 
09/17/2017, 15/28/21, BTC ,42 ,0.01, 3622.48 LTC ,4 ,-0.06, 49.179 ETH ,19 ,0.03, 253.816 
09/17/2017, 15/28/52, BTC ,31 ,0.05, 3622.48 LTC ,3 ,0.21, 49.179 ETH ,9 ,0.23, 253.816 
09/17/2017, 15/29/22, BTC ,43 ,0.0, 3622.48 LTC ,1 ,0.0, 49.1219 ETH ,11 ,0.2, 253.816 
09/17/2017, 15/29/52, BTC ,37 ,-0.03, 3622.48 LTC ,1 ,0.0, 49.1219 ETH ,13 ,0.0, 253.816 
09/17/2017, 15/30/23, BTC ,82 ,0.1, 3622.48 LTC ,9 ,0.04, 49.1219 ETH ,36 ,0.08, 253.816 
09/17/2017, 15/30/54, BTC ,36 ,0.09, 3622.48 LTC ,3 ,0.15, 49.1219 ETH ,17 ,-0.05, 253.816 
09/17/2017, 15/31/25, BTC ,58 ,0.14, 3620.75 LTC ,7 ,0.2, 49.1219 ETH ,11 ,0.16, 253.441 
09/17/2017, 15/31/56, BTC ,41 ,0.24, 3620.75 LTC ,13 ,0.37, 49.1219 ETH ,14 ,0.37, 253.441 
09/17/2017, 15/32/26, BTC ,42 ,0.11, 3620.75 LTC ,5 ,0.24, 49.1219 ETH ,25 ,0.26, 253.441 
09/17/2017, 15/32/56, BTC ,32 ,0.07, 3620.75 LTC ,7 ,0.22, 49.1219 ETH ,12 ,0.38, 253.441 
09/17/2017, 15/33/27, BTC ,51 ,0.09, 3620.75 LTC ,8 ,0.12, 49.1219 ETH ,17 ,0.11, 253.441 
09/17/2017, 15/33/58, BTC ,28 ,0.03, 3620.75 LTC ,5 ,0.04, 49.1219 ETH ,10 ,0.22, 253.441 
09/17/2017, 15/34/28, BTC ,39 ,0.15, 3620.75 LTC ,3 ,-0.04, 49.1219 ETH ,19 ,0.24, 253.441 
09/17/2017, 15/34/59, BTC ,40 ,0.05, 3620.75 LTC ,2 ,0.0, 49.1219 ETH ,13 ,0.16, 253.441 
09/17/2017, 15/35/31, BTC ,43 ,0.08, 3620.25 LTC ,3 ,0.19, 49.0881 ETH ,14 ,0.17, 253.35 
09/17/2017, 15/36/03, BTC ,16 ,0.07, 3620.25 LTC ,0 ,N/A, 49.0881 ETH ,6 ,0.23, 253.35 
09/17/2017, 15/36/33, BTC ,53 ,0.17, 3620.25 LTC ,5 ,0.03, 49.0881 ETH ,28 ,0.34, 253.35 
09/17/2017, 15/37/03, BTC ,31 ,0.08, 3620.25 LTC ,3 ,0.02, 49.0881 ETH ,14 ,0.25, 253.35 
09/17/2017, 15/37/33, BTC ,34 ,0.13, 3620.25 LTC ,5 ,-0.06, 49.0881 ETH ,9 ,0.08, 253.35 
09/17/2017, 15/38/03, BTC ,37 ,0.12, 3620.25 LTC ,4 ,0.22, 49.0881 ETH ,15 ,0.16, 253.35 
09/17/2017, 15/38/35, BTC ,40 ,0.02, 3620.25 LTC ,6 ,-0.02, 49.0881 ETH ,9 ,0.01, 253.35 
09/17/2017, 15/39/05, BTC ,19 ,0.09, 3620.25 LTC ,5 ,-0.15, 49.0881 ETH ,9 ,0.18, 253.35 
09/17/2017, 15/39/36, BTC ,40 ,0.05, 3620.25 LTC ,4 ,-0.06, 48.9696 ETH ,16 ,0.12, 253.35 
09/17/2017, 15/40/06, BTC ,116 ,0.47, 3620.25 LTC ,3 ,0.0, 48.9696 ETH ,91 ,0.59, 253.35 
09/17/2017, 15/40/36, BTC ,38 ,0.13, 3620.25 LTC ,2 ,0.41, 48.9696 ETH ,25 ,0.27, 253.35 
09/17/2017, 15/41/07, BTC ,42 ,0.0, 3620.25 LTC ,9 ,-0.2, 48.9696 ETH ,12 ,0.31, 253.35 
09/17/2017, 15/41/37, BTC ,36 ,0.12, 3615.2 LTC ,3 ,0.15, 48.9696 ETH ,26 ,0.28, 253.308 
09/17/2017, 15/42/07, BTC ,45 ,0.3, 3615.2 LTC ,3 ,0.21, 48.9696 ETH ,25 ,0.34, 253.308 
09/17/2017, 15/42/37, BTC ,97 ,0.32, 3615.2 LTC ,1 ,0.0, 48.9696 ETH ,67 ,0.56, 253.308 
09/17/2017, 15/43/08, BTC ,98 ,0.48, 3615.2 LTC ,2 ,0.0, 48.9696 ETH ,82 ,0.57, 253.308 
09/17/2017, 15/43/38, BTC ,51 ,0.03, 3615.2 LTC ,1 ,0.08, 48.9696 ETH ,13 ,0.09, 253.308 
09/17/2017, 15/44/09, BTC ,34 ,0.18, 3615.2 LTC ,4 ,-0.1, 48.9696 ETH ,19 ,0.28, 253.308 
09/17/2017, 15/44/39, BTC ,39 ,0.15, 3615.2 LTC ,1 ,0.27, 48.9696 ETH ,33 ,0.14, 253.308 
09/17/2017, 15/45/09, BTC ,59 ,0.07, 3615.2 LTC ,34 ,0.02, 48.9696 ETH ,9 ,0.32, 253.308 
09/17/2017, 15/45/39, BTC ,52 ,0.17, 3610.63 LTC ,2 ,0.0, 48.8434 ETH ,18 ,0.14, 252.882 
09/17/2017, 15/46/09, BTC ,45 ,0.13, 3610.63 LTC ,5 ,-0.05, 48.8434 ETH ,22 ,0.16, 252.882 
09/17/2017, 15/46/40, BTC ,31 ,0.13, 3610.63 LTC ,2 ,0.39, 48.8434 ETH ,10 ,0.38, 252.882 
09/17/2017, 15/47/10, BTC ,36 ,0.11, 3610.63 LTC ,4 ,0.33, 48.8434 ETH ,12 ,0.16, 252.882 
09/17/2017, 15/47/41, BTC ,43 ,0.19, 3610.63 LTC ,3 ,0.27, 48.8434 ETH ,21 ,0.1, 252.882 
09/17/2017, 15/48/12, BTC ,35 ,0.06, 3610.63 LTC ,4 ,0.02, 48.8434 ETH ,22 ,0.0, 252.882 
09/17/2017, 15/48/42, BTC ,39 ,0.15, 3610.63 LTC ,4 ,0.23, 48.8434 ETH ,22 ,0.1, 252.882 
09/17/2017, 15/49/14, BTC ,41 ,0.16, 3610.63 LTC ,2 ,0.04, 48.8434 ETH ,16 ,0.35, 252.882 
09/17/2017, 15/49/44, BTC ,56 ,0.08, 3610.63 LTC ,4 ,0.11, 48.7588 ETH ,20 ,0.18, 252.882 
09/17/2017, 15/50/15, BTC ,51 ,0.07, 3610.63 LTC ,2 ,0.29, 48.7588 ETH ,18 ,0.08, 252.882 
09/17/2017, 15/50/45, BTC ,43 ,0.21, 3610.63 LTC ,5 ,0.19, 48.7588 ETH ,15 ,0.35, 252.882 
09/17/2017, 15/51/18, BTC ,30 ,0.18, 3610.63 LTC ,3 ,-0.15, 48.7588 ETH ,18 ,0.1, 252.882 
09/17/2017, 15/51/48, BTC ,45 ,0.1, 3605.88 LTC ,5 ,-0.01, 48.7588 ETH ,17 ,0.12, 252.546 
09/17/2017, 15/52/19, BTC ,40 ,0.18, 3605.88 LTC ,11 ,0.14, 48.7588 ETH ,13 ,0.32, 252.546 
09/17/2017, 15/52/49, BTC ,28 ,0.12, 3605.88 LTC ,2 ,0.15, 48.7588 ETH ,12 ,0.14, 252.546 
09/17/2017, 15/53/19, BTC ,49 ,0.15, 3605.88 LTC ,2 ,0.7, 48.7588 ETH ,15 ,0.1, 252.546 
09/17/2017, 15/53/49, BTC ,35 ,0.16, 3605.88 LTC ,3 ,0.03, 48.7588 ETH ,15 ,0.04, 252.546 
09/17/2017, 15/54/20, BTC ,26 ,0.1, 3605.88 LTC ,5 ,0.29, 48.7588 ETH ,7 ,0.02, 252.546 
09/17/2017, 15/54/52, BTC ,37 ,0.05, 3605.88 LTC ,5 ,0.13, 48.7588 ETH ,26 ,0.26, 252.546 
09/17/2017, 15/55/22, BTC ,41 ,0.11, 3605.88 LTC ,7 ,0.28, 48.7588 ETH ,14 ,0.23, 252.546 
09/17/2017, 15/55/53, BTC ,31 ,0.06, 3608.68 LTC ,3 ,-0.07, 48.7399 ETH ,12 ,0.13, 252.637 
09/17/2017, 15/56/24, BTC ,27 ,0.12, 3608.68 LTC ,2 ,0.04, 48.7399 ETH ,10 ,0.0, 252.637 
09/17/2017, 15/56/55, BTC ,24 ,0.17, 3608.68 LTC ,3 ,-0.03, 48.7399 ETH ,11 ,0.25, 252.637 
09/17/2017, 15/57/27, BTC ,28 ,0.23, 3608.68 LTC ,1 ,0.17, 48.7399 ETH ,9 ,0.18, 252.637 
09/17/2017, 15/57/59, BTC ,28 ,0.0, 3608.68 LTC ,4 ,0.02, 48.7399 ETH ,11 ,0.04, 252.637 
09/17/2017, 15/58/29, BTC ,53 ,0.05, 3608.68 LTC ,3 ,0.21, 48.7399 ETH ,8 ,0.23, 252.637 
09/17/2017, 15/58/59, BTC ,32 ,0.03, 3608.68 LTC ,1 ,0.49, 48.7399 ETH ,11 ,0.12, 252.637 
09/17/2017, 15/59/29, BTC ,43 ,0.02, 3608.68 LTC ,4 ,0.06, 48.7399 ETH ,20 ,0.15, 252.637 
09/17/2017, 16/00/01, BTC ,35 ,0.12, 3609.08 LTC ,5 ,0.11, 48.7143 ETH ,16 ,0.14, 252.8 
09/17/2017, 16/00/31, BTC ,126 ,0.06, 3609.08 LTC ,14 ,0.05, 48.7143 ETH ,40 ,0.12, 252.8 
09/17/2017, 16/01/02, BTC ,51 ,0.17, 3609.08 LTC ,12 ,0.06, 48.7143 ETH ,20 ,0.19, 252.8 
09/17/2017, 16/01/32, BTC ,48 ,0.13, 3609.08 LTC ,14 ,0.05, 48.7143 ETH ,29 ,0.19, 252.8 
09/17/2017, 16/02/02, BTC ,58 ,0.17, 3609.08 LTC ,16 ,0.37, 48.7143 ETH ,27 ,0.26, 252.8 
09/17/2017, 16/02/33, BTC ,61 ,0.07, 3609.08 LTC ,9 ,0.24, 48.7143 ETH ,13 ,0.28, 252.8 
09/17/2017, 16/03/03, BTC ,40 ,0.16, 3609.08 LTC ,5 ,0.14, 48.7143 ETH ,11 ,0.17, 252.8 
09/17/2017, 16/03/34, BTC ,43 ,0.13, 3609.08 LTC ,5 ,0.1, 48.7143 ETH ,15 ,0.05, 252.8 
09/17/2017, 16/04/04, BTC ,45 ,0.09, 3609.08 LTC ,4 ,-0.15, 48.7143 ETH ,12 ,0.14, 252.8 
09/17/2017, 16/04/34, BTC ,45 ,0.1, 3609.08 LTC ,4 ,0.0, 48.7143 ETH ,20 ,0.22, 252.8 
09/17/2017, 16/05/05, BTC ,37 ,0.09, 3609.08 LTC ,7 ,0.18, 48.7143 ETH ,20 ,0.25, 252.8 
09/17/2017, 16/05/35, BTC ,55 ,0.1, 3609.08 LTC ,11 ,0.13, 48.7143 ETH ,22 ,0.09, 252.8 
09/17/2017, 16/06/06, BTC ,85 ,0.46, 3606.35 LTC ,5 ,0.46, 48.7349 ETH ,68 ,0.63, 252.304 
09/17/2017, 16/06/36, BTC ,47 ,0.05, 3606.35 LTC ,2 ,0.0, 48.7349 ETH ,17 ,0.21, 252.304 
09/17/2017, 16/07/07, BTC ,33 ,0.02, 3606.35 LTC ,2 ,0.1, 48.7349 ETH ,14 ,0.19, 252.304 
09/17/2017, 16/07/38, BTC ,39 ,0.08, 3606.35 LTC ,6 ,0.08, 48.7349 ETH ,10 ,0.14, 252.304 
09/17/2017, 16/08/09, BTC ,23 ,-0.02, 3606.35 LTC ,0 ,N/A, 48.7349 ETH ,15 ,0.23, 252.304 
09/17/2017, 16/08/40, BTC ,30 ,0.08, 3606.35 LTC ,2 ,0.43, 48.7349 ETH ,14 ,0.14, 252.304 
09/17/2017, 16/09/11, BTC ,28 ,0.06, 3606.35 LTC ,7 ,0.13, 48.7349 ETH ,14 ,0.07, 252.304 
09/17/2017, 16/09/42, BTC ,36 ,0.11, 3603.86 LTC ,6 ,0.02, 48.6365 ETH ,20 ,0.15, 251.629 
09/17/2017, 16/10/13, BTC ,38 ,0.04, 3603.86 LTC ,6 ,0.01, 48.6365 ETH ,17 ,0.06, 251.629 
09/17/2017, 16/10/43, BTC ,36 ,0.11, 3603.86 LTC ,5 ,0.07, 48.6365 ETH ,20 ,0.16, 251.629 
09/17/2017, 16/11/14, BTC ,37 ,0.13, 3603.86 LTC ,6 ,0.19, 48.6365 ETH ,29 ,0.16, 251.629 
09/17/2017, 16/11/44, BTC ,32 ,0.17, 3603.86 LTC ,10 ,0.09, 48.6365 ETH ,14 ,0.05, 251.629 
09/17/2017, 16/12/15, BTC ,27 ,0.19, 3603.86 LTC ,2 ,0.28, 48.6365 ETH ,18 ,0.26, 251.629 
09/17/2017, 16/12/45, BTC ,42 ,0.11, 3603.86 LTC ,3 ,0.29, 48.6365 ETH ,22 ,0.15, 251.629 
09/17/2017, 16/13/15, BTC ,26 ,0.13, 3603.86 LTC ,2 ,0.0, 48.6365 ETH ,15 ,-0.12, 251.629 
09/17/2017, 16/13/45, BTC ,39 ,0.15, 3603.86 LTC ,6 ,0.05, 48.6365 ETH ,6 ,0.13, 251.629 
09/17/2017, 16/14/16, BTC ,27 ,0.13, 3603.86 LTC ,4 ,0.12, 48.6365 ETH ,14 ,0.31, 251.629 
09/17/2017, 16/14/46, BTC ,25 ,0.19, 3603.86 LTC ,1 ,0.86, 48.6365 ETH ,16 ,0.41, 251.629 
09/17/2017, 16/15/16, BTC ,62 ,0.12, 3603.86 LTC ,6 ,-0.2, 48.6365 ETH ,19 ,0.09, 251.629 
09/17/2017, 16/15/47, BTC ,29 ,0.2, 3594.34 LTC ,7 ,0.32, 48.4393 ETH ,18 ,0.19, 250.861 
09/17/2017, 16/16/18, BTC ,78 ,0.45, 3594.34 LTC ,6 ,0.05, 48.4393 ETH ,58 ,0.57, 250.861 
09/17/2017, 16/16/49, BTC ,24 ,0.18, 3594.34 LTC ,5 ,0.23, 48.4393 ETH ,12 ,0.2, 250.861 
09/17/2017, 16/17/21, BTC ,40 ,0.04, 3594.34 LTC ,2 ,0.42, 48.4393 ETH ,10 ,0.14, 250.861 
09/17/2017, 16/17/51, BTC ,32 ,0.19, 3594.34 LTC ,2 ,0.76, 48.4393 ETH ,7 ,0.5, 250.861 
09/17/2017, 16/18/22, BTC ,55 ,0.12, 3594.34 LTC ,2 ,0.0, 48.4393 ETH ,28 ,-0.19, 250.861 
09/17/2017, 16/18/53, BTC ,23 ,0.17, 3594.34 LTC ,2 ,0.45, 48.4393 ETH ,10 ,0.03, 250.861 
09/17/2017, 16/19/23, BTC ,39 ,0.26, 3594.34 LTC ,3 ,0.4, 48.4393 ETH ,10 ,0.21, 250.861 
09/17/2017, 16/19/55, BTC ,25 ,0.2, 3589.48 LTC ,1 ,0.0, 48.4074 ETH ,21 ,0.08, 250.828 
09/17/2017, 16/20/27, BTC ,33 ,0.14, 3589.48 LTC ,3 ,0.29, 48.4074 ETH ,26 ,0.21, 250.828 
09/17/2017, 16/20/58, BTC ,35 ,0.14, 3589.48 LTC ,3 ,0.44, 48.4074 ETH ,17 ,0.16, 250.828 
09/17/2017, 16/21/30, BTC ,48 ,0.08, 3589.48 LTC ,0 ,N/A, 48.4074 ETH ,60 ,0.71, 250.828 
09/17/2017, 16/22/01, BTC ,24 ,0.16, 3589.48 LTC ,3 ,0.15, 48.4074 ETH ,9 ,0.18, 250.828 
09/17/2017, 16/22/31, BTC ,44 ,0.17, 3589.48 LTC ,1 ,0.51, 48.4074 ETH ,13 ,0.36, 250.828 
09/17/2017, 16/23/02, BTC ,37 ,0.08, 3589.48 LTC ,3 ,0.05, 48.4074 ETH ,73 ,0.59, 250.828 
09/17/2017, 16/23/33, BTC ,34 ,0.18, 3589.48 LTC ,7 ,0.04, 48.4074 ETH ,7 ,0.22, 250.828 
09/17/2017, 16/24/03, BTC ,26 ,0.12, 3589.48 LTC ,8 ,0.06, 48.4074 ETH ,9 ,0.28, 250.828 
09/17/2017, 16/24/37, BTC ,31 ,0.09, 3589.48 LTC ,3 ,0.23, 48.4074 ETH ,5 ,0.14, 250.828 
09/17/2017, 16/25/08, BTC ,42 ,0.08, 3589.48 LTC ,4 ,0.0, 48.4074 ETH ,10 ,0.07, 250.828 
09/17/2017, 16/25/38, BTC ,42 ,0.12, 3589.48 LTC ,1 ,0.51, 48.4074 ETH ,10 ,0.37, 250.828 
09/17/2017, 16/26/08, BTC ,45 ,0.19, 3588.58 LTC ,4 ,0.02, 48.4748 ETH ,18 ,0.19, 250.888 
09/17/2017, 16/26/39, BTC ,30 ,0.12, 3588.58 LTC ,1 ,0.0, 48.4748 ETH ,7 ,0.3, 250.888 
09/17/2017, 16/27/09, BTC ,35 ,0.13, 3588.58 LTC ,3 ,0.16, 48.4748 ETH ,18 ,0.26, 250.888 
09/17/2017, 16/27/41, BTC ,46 ,0.16, 3588.58 LTC ,5 ,0.09, 48.4748 ETH ,24 ,0.21, 250.888 
09/17/2017, 16/28/11, BTC ,48 ,0.08, 3588.58 LTC ,2 ,0.0, 48.4748 ETH ,24 ,0.15, 250.888 
09/17/2017, 16/28/44, BTC ,41 ,0.13, 3588.58 LTC ,1 ,0.0, 48.4748 ETH ,5 ,-0.24, 250.888 
09/17/2017, 16/29/15, BTC ,32 ,0.13, 3588.58 LTC ,5 ,0.36, 48.4748 ETH ,8 ,0.41, 250.888 
09/17/2017, 16/29/45, BTC ,36 ,0.19, 3588.58 LTC ,2 ,-0.19, 48.4748 ETH ,13 ,0.24, 250.888 
09/17/2017, 16/30/16, BTC ,76 ,0.11, 3586.27 LTC ,4 ,0.07, 48.411 ETH ,32 ,0.13, 250.79 
09/17/2017, 16/30/46, BTC ,47 ,0.16, 3586.27 LTC ,6 ,0.16, 48.411 ETH ,25 ,0.2, 250.79 
09/17/2017, 16/31/16, BTC ,50 ,0.1, 3586.27 LTC ,6 ,0.0, 48.411 ETH ,27 ,0.13, 250.79 
09/17/2017, 16/31/49, BTC ,54 ,0.13, 3586.27 LTC ,4 ,0.13, 48.411 ETH ,14 ,0.17, 250.79 
09/17/2017, 16/32/19, BTC ,52 ,0.24, 3586.27 LTC ,11 ,0.38, 48.411 ETH ,19 ,0.27, 250.79 
09/17/2017, 16/32/49, BTC ,49 ,0.08, 3586.27 LTC ,3 ,0.0, 48.411 ETH ,14 ,0.03, 250.79 
09/17/2017, 16/33/19, BTC ,32 ,0.28, 3586.27 LTC ,6 ,0.34, 48.411 ETH ,16 ,0.18, 250.79 
09/17/2017, 16/33/50, BTC ,43 ,0.13, 3586.27 LTC ,3 ,0.13, 48.411 ETH ,21 ,0.12, 250.79 
09/17/2017, 16/34/21, BTC ,23 ,0.14, 3586.27 LTC ,6 ,0.24, 48.411 ETH ,14 ,0.22, 250.79 
09/17/2017, 16/34/51, BTC ,28 ,0.01, 3586.27 LTC ,4 ,0.07, 48.411 ETH ,15 ,0.17, 250.79 
09/17/2017, 16/35/21, BTC ,28 ,0.1, 3586.27 LTC ,8 ,-0.0, 48.411 ETH ,54 ,0.6, 250.79 
09/17/2017, 16/35/52, BTC ,25 ,0.11, 3584.63 LTC ,4 ,0.06, 48.4189 ETH ,39 ,0.53, 250.695 
09/17/2017, 16/36/23, BTC ,28 ,0.04, 3584.63 LTC ,5 ,0.1, 48.4189 ETH ,12 ,0.05, 250.695 
09/17/2017, 16/36/57, BTC ,20 ,0.1, 3584.63 LTC ,2 ,0.08, 48.4189 ETH ,7 ,0.23, 250.695 
09/17/2017, 16/37/27, BTC ,20 ,0.17, 3584.63 LTC ,2 ,0.24, 48.4189 ETH ,7 ,0.07, 250.695 
09/17/2017, 16/37/58, BTC ,22 ,0.07, 3584.63 LTC ,5 ,0.03, 48.4189 ETH ,10 ,0.22, 250.695 
09/17/2017, 16/38/28, BTC ,31 ,0.08, 3584.63 LTC ,5 ,0.27, 48.4189 ETH ,11 ,0.23, 250.695 
09/17/2017, 16/38/58, BTC ,39 ,-0.02, 3584.63 LTC ,6 ,0.09, 48.4189 ETH ,17 ,0.02, 250.695 
09/17/2017, 16/39/28, BTC ,35 ,0.01, 3584.63 LTC ,5 ,0.0, 48.4189 ETH ,11 ,0.12, 250.695 
09/17/2017, 16/39/59, BTC ,37 ,-0.01, 3583.32 LTC ,10 ,0.19, 48.3833 ETH ,17 ,0.01, 250.641 
09/17/2017, 16/40/33, BTC ,36 ,0.04, 3583.32 LTC ,3 ,0.0, 48.3833 ETH ,25 ,0.1, 250.641 
09/17/2017, 16/41/04, BTC ,15 ,0.05, 3583.32 LTC ,2 ,0.24, 48.3833 ETH ,3 ,0.16, 250.641 
09/17/2017, 16/41/35, BTC ,51 ,0.12, 3583.32 LTC ,7 ,0.41, 48.3833 ETH ,14 ,0.21, 250.641 
09/17/2017, 16/42/05, BTC ,33 ,0.16, 3583.32 LTC ,3 ,0.48, 48.3833 ETH ,12 ,0.17, 250.641 
09/17/2017, 16/42/36, BTC ,40 ,0.07, 3583.32 LTC ,2 ,0.0, 48.3833 ETH ,16 ,0.17, 250.641 
09/17/2017, 16/43/06, BTC ,36 ,0.21, 3583.32 LTC ,6 ,0.16, 48.3833 ETH ,8 ,0.4, 250.641 
09/17/2017, 16/43/36, BTC ,21 ,0.09, 3583.32 LTC ,0 ,N/A, 48.3833 ETH ,5 ,0.38, 250.641 
09/17/2017, 16/44/07, BTC ,34 ,0.14, 3583.32 LTC ,3 ,0.13, 48.3833 ETH ,20 ,0.17, 250.641 
09/17/2017, 16/44/37, BTC ,40 ,0.11, 3583.32 LTC ,7 ,0.16, 48.3833 ETH ,25 ,0.19, 250.641 
09/17/2017, 16/45/08, BTC ,66 ,0.13, 3583.32 LTC ,5 ,0.05, 48.3833 ETH ,48 ,0.16, 250.641 
09/17/2017, 16/45/38, BTC ,38 ,0.26, 3583.32 LTC ,4 ,0.1, 48.3833 ETH ,38 ,0.16, 250.641 
09/17/2017, 16/46/09, BTC ,39 ,0.11, 3581.12 LTC ,6 ,0.01, 48.3947 ETH ,10 ,0.42, 250.386 
09/17/2017, 16/46/40, BTC ,28 ,0.06, 3581.12 LTC ,2 ,-0.19, 48.3947 ETH ,28 ,0.26, 250.386 
09/17/2017, 16/47/10, BTC ,36 ,0.11, 3581.12 LTC ,5 ,0.16, 48.3947 ETH ,22 ,0.09, 250.386 
09/17/2017, 16/47/41, BTC ,33 ,0.09, 3581.12 LTC ,4 ,0.0, 48.3947 ETH ,20 ,0.16, 250.386 
09/17/2017, 16/48/11, BTC ,29 ,0.13, 3581.12 LTC ,1 ,0.4, 48.3947 ETH ,13 ,0.25, 250.386 
09/17/2017, 16/48/42, BTC ,28 ,0.17, 3581.12 LTC ,2 ,0.08, 48.3947 ETH ,9 ,0.02, 250.386 
09/17/2017, 16/49/13, BTC ,28 ,0.07, 3581.12 LTC ,4 ,-0.06, 48.3947 ETH ,28 ,0.06, 250.386 
09/17/2017, 16/49/45, BTC ,32 ,0.07, 3581.12 LTC ,3 ,0.18, 48.3947 ETH ,13 ,0.21, 250.386 
09/17/2017, 16/50/16, BTC ,42 ,0.05, 3583.35 LTC ,3 ,-0.18, 48.4829 ETH ,21 ,0.03, 251.784 
09/17/2017, 16/50/49, BTC ,36 ,0.1, 3583.35 LTC ,6 ,0.18, 48.4829 ETH ,20 ,0.22, 251.784 
09/17/2017, 16/51/20, BTC ,35 ,0.12, 3583.35 LTC ,3 ,0.1, 48.4829 ETH ,17 ,0.13, 251.784 
09/17/2017, 16/51/50, BTC ,20 ,0.07, 3583.35 LTC ,4 ,0.12, 48.4829 ETH ,13 ,0.23, 251.784 
09/17/2017, 16/52/21, BTC ,31 ,0.06, 3583.35 LTC ,12 ,0.09, 48.4829 ETH ,7 ,0.15, 251.784 
09/17/2017, 16/52/53, BTC ,30 ,0.01, 3583.35 LTC ,6 ,0.27, 48.4829 ETH ,8 ,-0.04, 251.784 
09/17/2017, 16/53/24, BTC ,14 ,0.18, 3583.35 LTC ,3 ,-0.42, 48.4829 ETH ,14 ,0.37, 251.784 
09/17/2017, 16/54/00, BTC ,33 ,-0.03, 3583.35 LTC ,6 ,-0.03, 48.4829 ETH ,21 ,0.11, 251.784 
09/17/2017, 16/54/31, BTC ,31 ,0.16, 3583.35 LTC ,5 ,0.04, 48.4829 ETH ,14 ,0.01, 251.784 
09/17/2017, 16/55/02, BTC ,35 ,0.08, 3583.35 LTC ,5 ,0.17, 48.4829 ETH ,14 ,0.21, 251.784 
09/17/2017, 16/55/34, BTC ,41 ,0.0, 3583.35 LTC ,5 ,-0.03, 48.4829 ETH ,10 ,0.02, 251.784 
09/17/2017, 16/56/05, BTC ,12 ,0.13, 3583.22 LTC ,2 ,0.0, 48.4627 ETH ,9 ,0.15, 251.904 
09/17/2017, 16/56/36, BTC ,22 ,-0.02, 3583.22 LTC ,3 ,0.2, 48.4627 ETH ,12 ,0.12, 251.904 
09/17/2017, 16/57/07, BTC ,32 ,-0.06, 3583.22 LTC ,2 ,0.0, 48.4627 ETH ,6 ,0.0, 251.904 
09/17/2017, 16/57/40, BTC ,50 ,0.09, 3583.22 LTC ,2 ,0.0, 48.4627 ETH ,18 ,0.09, 251.904 
09/17/2017, 16/58/10, BTC ,24 ,0.16, 3583.22 LTC ,1 ,0.08, 48.4627 ETH ,10 ,0.4, 251.904 
09/17/2017, 16/58/40, BTC ,41 ,0.16, 3583.22 LTC ,1 ,0.44, 48.4627 ETH ,8 ,0.35, 251.904 
09/17/2017, 16/59/11, BTC ,41 ,0.14, 3583.22 LTC ,4 ,0.01, 48.4627 ETH ,17 ,0.06, 251.904 
09/17/2017, 16/59/43, BTC ,39 ,0.15, 3583.22 LTC ,3 ,0.18, 48.4627 ETH ,16 ,0.18, 251.904 
09/17/2017, 17/00/13, BTC ,84 ,0.06, 3582.88 LTC ,10 ,0.11, 48.4902 ETH ,40 ,0.09, 251.749 
09/17/2017, 17/00/43, BTC ,78 ,0.15, 3582.88 LTC ,10 ,0.13, 48.4902 ETH ,25 ,0.12, 251.749 
09/17/2017, 17/01/15, BTC ,42 ,0.06, 3582.88 LTC ,4 ,0.18, 48.4902 ETH ,14 ,0.09, 251.749 
09/17/2017, 17/01/45, BTC ,34 ,-0.01, 3582.88 LTC ,2 ,0.0, 48.4902 ETH ,10 ,0.01, 251.749 
09/17/2017, 17/02/16, BTC ,41 ,0.06, 3582.88 LTC ,6 ,0.35, 48.4902 ETH ,26 ,0.21, 251.749 
09/17/2017, 17/02/46, BTC ,54 ,0.14, 3582.88 LTC ,15 ,0.26, 48.4902 ETH ,17 ,0.32, 251.749 
09/17/2017, 17/03/16, BTC ,59 ,0.01, 3582.88 LTC ,3 ,-0.09, 48.4902 ETH ,18 ,0.06, 251.749 
09/17/2017, 17/03/46, BTC ,40 ,0.14, 3582.88 LTC ,4 ,0.02, 48.4902 ETH ,27 ,0.09, 251.749 
09/17/2017, 17/04/17, BTC ,42 ,0.14, 3582.88 LTC ,13 ,0.08, 48.4902 ETH ,17 ,0.1, 251.749 
09/17/2017, 17/04/48, BTC ,49 ,0.15, 3582.88 LTC ,10 ,0.22, 48.4902 ETH ,28 ,0.15, 251.749 
09/17/2017, 17/05/18, BTC ,32 ,0.13, 3582.88 LTC ,2 ,-0.07, 48.4902 ETH ,10 ,0.24, 251.749 
09/17/2017, 17/05/49, BTC ,26 ,0.09, 3582.88 LTC ,5 ,0.07, 48.4902 ETH ,21 ,0.06, 251.749 
09/17/2017, 17/06/20, BTC ,32 ,0.06, 3591.09 LTC ,4 ,0.33, 48.5302 ETH ,9 ,0.49, 252.227 
09/17/2017, 17/06/53, BTC ,29 ,0.07, 3591.09 LTC ,6 ,0.0, 48.5302 ETH ,10 ,0.26, 252.227 
09/17/2017, 17/07/24, BTC ,35 ,-0.01, 3591.09 LTC ,1 ,-0.1, 48.5302 ETH ,16 ,0.12, 252.227 
09/17/2017, 17/07/56, BTC ,19 ,0.06, 3591.09 LTC ,3 ,0.0, 48.5302 ETH ,11 ,0.14, 252.227 
09/17/2017, 17/08/26, BTC ,42 ,0.11, 3591.09 LTC ,1 ,0.0, 48.5302 ETH ,16 ,0.21, 252.227 
09/17/2017, 17/09/01, BTC ,24 ,0.04, 3591.09 LTC ,2 ,0.0, 48.5302 ETH ,12 ,0.14, 252.227 
09/17/2017, 17/09/31, BTC ,44 ,0.06, 3591.09 LTC ,4 ,-0.1, 48.5302 ETH ,18 ,0.2, 252.227 
09/17/2017, 17/10/02, BTC ,27 ,0.23, 3591.09 LTC ,5 ,0.26, 48.5302 ETH ,16 ,0.22, 252.227 
09/17/2017, 17/10/32, BTC ,46 ,0.05, 3597.4 LTC ,3 ,0.2, 48.7505 ETH ,17 ,0.09, 253.367 
09/17/2017, 17/11/03, BTC ,53 ,0.06, 3597.4 LTC ,6 ,0.16, 48.7505 ETH ,18 ,0.23, 253.367 
09/17/2017, 17/11/33, BTC ,42 ,0.11, 3597.4 LTC ,3 ,0.29, 48.7505 ETH ,23 ,0.12, 253.367 
09/17/2017, 17/12/04, BTC ,52 ,0.05, 3597.4 LTC ,8 ,0.24, 48.7505 ETH ,33 ,0.16, 253.367 
09/17/2017, 17/12/34, BTC ,54 ,0.05, 3597.4 LTC ,3 ,0.0, 48.7505 ETH ,39 ,0.13, 253.367 
09/17/2017, 17/13/06, BTC ,30 ,0.07, 3597.4 LTC ,1 ,0.0, 48.7505 ETH ,13 ,0.19, 253.367 
09/17/2017, 17/13/36, BTC ,34 ,0.12, 3597.4 LTC ,2 ,0.15, 48.7505 ETH ,17 ,0.14, 253.367 
09/17/2017, 17/14/07, BTC ,29 ,0.12, 3597.4 LTC ,0 ,N/A, 48.7505 ETH ,4 ,0.23, 253.367 
09/17/2017, 17/14/39, BTC ,38 ,-0.03, 3597.4 LTC ,4 ,0.12, 48.9166 ETH ,16 ,0.17, 253.367 
09/17/2017, 17/15/09, BTC ,51 ,-0.02, 3597.4 LTC ,9 ,-0.13, 48.9166 ETH ,15 ,0.1, 253.367 
09/17/2017, 17/15/39, BTC ,81 ,0.15, 3597.4 LTC ,6 ,0.21, 48.9166 ETH ,28 ,0.31, 253.367 
09/17/2017, 17/16/09, BTC ,29 ,0.21, 3597.4 LTC ,1 ,0.0, 48.9166 ETH ,34 ,0.35, 253.367 
09/17/2017, 17/16/41, BTC ,33 ,0.1, 3610.88 LTC ,3 ,0.0, 48.9166 ETH ,21 ,0.29, 253.889 
09/17/2017, 17/17/12, BTC ,26 ,0.06, 3610.88 LTC ,1 ,0.45, 48.9166 ETH ,10 ,0.44, 253.889 
09/17/2017, 17/17/42, BTC ,57 ,0.02, 3610.88 LTC ,5 ,0.07, 48.9166 ETH ,15 ,0.18, 253.889 
09/17/2017, 17/18/14, BTC ,46 ,0.15, 3610.88 LTC ,5 ,0.46, 48.9166 ETH ,13 ,0.09, 253.889 
09/17/2017, 17/18/44, BTC ,48 ,0.07, 3610.88 LTC ,1 ,0.0, 48.9166 ETH ,26 ,0.21, 253.889 
09/17/2017, 17/19/14, BTC ,42 ,0.14, 3610.88 LTC ,0 ,N/A, 48.9166 ETH ,18 ,0.21, 253.889 
09/17/2017, 17/19/45, BTC ,42 ,0.12, 3610.88 LTC ,2 ,0.21, 48.9166 ETH ,17 ,0.09, 253.889 
09/17/2017, 17/20/15, BTC ,37 ,0.18, 3605.12 LTC ,1 ,0.42, 48.8493 ETH ,13 ,0.09, 253.825 
09/17/2017, 17/20/47, BTC ,40 ,0.07, 3605.12 LTC ,3 ,0.0, 48.8493 ETH ,13 ,0.17, 253.825 
09/17/2017, 17/21/18, BTC ,47 ,0.07, 3605.12 LTC ,9 ,0.09, 48.8493 ETH ,12 ,0.03, 253.825 
09/17/2017, 17/21/48, BTC ,29 ,0.06, 3605.12 LTC ,6 ,0.15, 48.8493 ETH ,10 ,0.12, 253.825 
09/17/2017, 17/22/18, BTC ,37 ,0.04, 3605.12 LTC ,2 ,0.0, 48.8493 ETH ,15 ,0.14, 253.825 
09/17/2017, 17/22/50, BTC ,31 ,0.05, 3605.12 LTC ,3 ,0.42, 48.8493 ETH ,23 ,0.14, 253.825 
09/17/2017, 17/23/20, BTC ,43 ,0.05, 3605.12 LTC ,3 ,0.0, 48.8493 ETH ,12 ,0.12, 253.825 
09/17/2017, 17/23/50, BTC ,33 ,0.1, 3605.12 LTC ,5 ,0.16, 48.8493 ETH ,8 ,0.04, 253.825 
09/17/2017, 17/24/20, BTC ,44 ,0.1, 3605.12 LTC ,8 ,0.11, 48.9106 ETH ,11 ,0.26, 253.825 
09/17/2017, 17/24/51, BTC ,31 ,-0.0, 3605.12 LTC ,6 ,0.13, 48.9106 ETH ,13 ,-0.28, 253.825 
09/17/2017, 17/25/21, BTC ,45 ,0.02, 3605.12 LTC ,10 ,0.14, 48.9106 ETH ,31 ,-0.02, 253.825 
09/17/2017, 17/25/52, BTC ,53 ,0.07, 3605.12 LTC ,6 ,0.11, 48.9106 ETH ,18 ,0.22, 253.825 
09/17/2017, 17/26/22, BTC ,53 ,0.03, 3606.79 LTC ,4 ,0.17, 48.9106 ETH ,10 ,0.09, 253.675 
09/17/2017, 17/26/54, BTC ,34 ,0.11, 3606.79 LTC ,5 ,0.25, 48.9106 ETH ,14 ,0.09, 253.675 
09/17/2017, 17/27/26, BTC ,46 ,0.07, 3606.79 LTC ,2 ,0.19, 48.9106 ETH ,7 ,0.32, 253.675 
09/17/2017, 17/27/56, BTC ,37 ,0.05, 3606.79 LTC ,8 ,0.07, 48.9106 ETH ,10 ,0.12, 253.675 
09/17/2017, 17/28/28, BTC ,36 ,0.1, 3606.79 LTC ,4 ,0.18, 48.9106 ETH ,21 ,0.18, 253.675 
09/17/2017, 17/28/58, BTC ,33 ,0.16, 3606.79 LTC ,3 ,-0.1, 48.9106 ETH ,15 ,0.21, 253.675 
09/17/2017, 17/29/28, BTC ,23 ,0.16, 3606.79 LTC ,5 ,-0.01, 48.9106 ETH ,11 ,0.29, 253.675 
09/17/2017, 17/30/00, BTC ,48 ,0.16, 3606.79 LTC ,5 ,0.01, 48.9106 ETH ,29 ,0.04, 253.675 
09/17/2017, 17/30/30, BTC ,87 ,0.06, 3610.0 LTC ,8 ,-0.03, 48.9273 ETH ,46 ,0.08, 254.65 
09/17/2017, 17/31/00, BTC ,52 ,0.13, 3610.0 LTC ,10 ,0.03, 48.9273 ETH ,22 ,0.13, 254.65 
09/17/2017, 17/31/31, BTC ,38 ,0.1, 3610.0 LTC ,2 ,0.0, 48.9273 ETH ,17 ,0.13, 254.65 
09/17/2017, 17/32/02, BTC ,25 ,0.01, 3610.0 LTC ,4 ,0.11, 48.9273 ETH ,23 ,0.13, 254.65 
09/17/2017, 17/32/32, BTC ,67 ,0.07, 3610.0 LTC ,12 ,0.31, 48.9273 ETH ,36 ,0.21, 254.65 
09/17/2017, 17/33/03, BTC ,26 ,0.26, 3610.0 LTC ,5 ,0.42, 48.9273 ETH ,18 ,0.28, 254.65 
09/17/2017, 17/33/34, BTC ,68 ,0.16, 3610.0 LTC ,8 ,0.16, 48.9273 ETH ,18 ,0.12, 254.65 
09/17/2017, 17/34/05, BTC ,35 ,0.0, 3610.0 LTC ,3 ,-0.02, 48.9273 ETH ,22 ,0.02, 254.65 
09/17/2017, 17/34/37, BTC ,43 ,0.04, 3610.0 LTC ,3 ,-0.04, 48.9699 ETH ,29 ,-0.07, 254.65 
09/17/2017, 17/35/10, BTC ,29 ,0.11, 3610.0 LTC ,5 ,0.12, 48.9699 ETH ,26 ,0.11, 254.65 
09/17/2017, 17/35/40, BTC ,32 ,0.07, 3610.0 LTC ,4 ,0.06, 48.9699 ETH ,9 ,0.26, 254.65 
09/17/2017, 17/36/11, BTC ,18 ,0.09, 3610.0 LTC ,2 ,0.26, 48.9699 ETH ,11 ,0.01, 254.65 
09/17/2017, 17/36/43, BTC ,34 ,0.13, 3614.42 LTC ,4 ,0.07, 48.9699 ETH ,9 ,0.22, 255.053 
09/17/2017, 17/37/16, BTC ,19 ,0.04, 3614.42 LTC ,8 ,0.23, 48.9699 ETH ,15 ,0.19, 255.053 
09/17/2017, 17/37/47, BTC ,31 ,0.07, 3614.42 LTC ,4 ,0.12, 48.9699 ETH ,16 ,0.08, 255.053 
09/17/2017, 17/38/19, BTC ,28 ,0.05, 3614.42 LTC ,6 ,0.19, 48.9699 ETH ,13 ,0.22, 255.053 
09/17/2017, 17/38/50, BTC ,41 ,0.18, 3614.42 LTC ,4 ,0.1, 48.9699 ETH ,25 ,0.1, 255.053 
09/17/2017, 17/39/20, BTC ,34 ,0.2, 3614.42 LTC ,3 ,0.43, 48.9699 ETH ,31 ,0.16, 255.053 
09/17/2017, 17/39/51, BTC ,32 ,0.17, 3614.42 LTC ,3 ,0.41, 48.9699 ETH ,20 ,0.08, 255.053 
09/17/2017, 17/40/21, BTC ,45 ,0.12, 3614.42 LTC ,6 ,0.14, 48.9699 ETH ,23 ,0.18, 255.053 
09/17/2017, 17/40/52, BTC ,36 ,0.1, 3625.4 LTC ,2 ,0.32, 49.1567 ETH ,9 ,0.07, 256.446 
09/17/2017, 17/41/24, BTC ,36 ,0.06, 3625.4 LTC ,3 ,0.02, 49.1567 ETH ,16 ,-0.04, 256.446 
09/17/2017, 17/41/54, BTC ,22 ,0.13, 3625.4 LTC ,4 ,0.11, 49.1567 ETH ,5 ,0.07, 256.446 
09/17/2017, 17/42/24, BTC ,43 ,0.11, 3625.4 LTC ,6 ,0.07, 49.1567 ETH ,14 ,0.01, 256.446 
09/17/2017, 17/42/57, BTC ,36 ,0.1, 3625.4 LTC ,1 ,0.48, 49.1567 ETH ,18 ,0.28, 256.446 
09/17/2017, 17/43/29, BTC ,36 ,0.06, 3625.4 LTC ,1 ,0.0, 49.1567 ETH ,22 ,0.18, 256.446 
09/17/2017, 17/43/59, BTC ,28 ,0.06, 3625.4 LTC ,5 ,0.16, 49.1567 ETH ,25 ,0.12, 256.446 
09/17/2017, 17/44/31, BTC ,41 ,0.11, 3625.4 LTC ,6 ,0.0, 49.1565 ETH ,17 ,0.17, 256.446 
09/17/2017, 17/45/02, BTC ,36 ,0.16, 3625.4 LTC ,4 ,0.29, 49.1565 ETH ,19 ,0.15, 256.446 
09/17/2017, 17/45/32, BTC ,63 ,0.13, 3625.4 LTC ,4 ,-0.01, 49.1565 ETH ,22 ,0.11, 256.446 
09/17/2017, 17/46/03, BTC ,68 ,0.12, 3625.4 LTC ,4 ,-0.15, 49.1565 ETH ,32 ,0.1, 256.446 
09/17/2017, 17/46/34, BTC ,66 ,0.17, 3625.47 LTC ,2 ,0.15, 49.1565 ETH ,15 ,0.25, 256.37 
09/17/2017, 17/47/04, BTC ,51 ,0.07, 3625.47 LTC ,1 ,0.0, 49.1565 ETH ,19 ,0.14, 256.37 
09/17/2017, 17/47/35, BTC ,45 ,0.08, 3625.47 LTC ,3 ,0.0, 49.1565 ETH ,13 ,-0.0, 256.37 
09/17/2017, 17/48/06, BTC ,56 ,0.18, 3625.47 LTC ,4 ,0.01, 49.1565 ETH ,12 ,0.19, 256.37 
09/17/2017, 17/48/36, BTC ,67 ,0.06, 3625.47 LTC ,3 ,0.05, 49.1565 ETH ,15 ,-0.06, 256.37 
09/17/2017, 17/49/06, BTC ,61 ,0.08, 3625.47 LTC ,4 ,0.24, 49.1565 ETH ,30 ,-0.03, 256.37 
09/17/2017, 17/49/37, BTC ,62 ,0.1, 3625.47 LTC ,7 ,0.06, 49.1565 ETH ,11 ,0.17, 256.37 
09/17/2017, 17/50/07, BTC ,61 ,0.1, 3625.47 LTC ,3 ,0.17, 49.1565 ETH ,22 ,0.05, 256.37 
09/17/2017, 17/50/37, BTC ,62 ,0.13, 3630.37 LTC ,2 ,0.15, 49.1804 ETH ,17 ,0.22, 257.143 
09/17/2017, 17/51/07, BTC ,39 ,0.24, 3630.37 LTC ,5 ,0.02, 49.1804 ETH ,20 ,0.19, 257.143 
09/17/2017, 17/51/38, BTC ,47 ,0.13, 3630.37 LTC ,4 ,0.06, 49.1804 ETH ,14 ,0.01, 257.143 
09/17/2017, 17/52/09, BTC ,44 ,0.12, 3630.37 LTC ,9 ,0.06, 49.1804 ETH ,11 ,0.19, 257.143 
09/17/2017, 17/52/39, BTC ,55 ,0.11, 3630.37 LTC ,2 ,-0.22, 49.1804 ETH ,15 ,0.36, 257.143 
09/17/2017, 17/53/09, BTC ,47 ,0.1, 3630.37 LTC ,2 ,0.0, 49.1804 ETH ,20 ,0.19, 257.143 
09/17/2017, 17/53/42, BTC ,44 ,0.14, 3630.37 LTC ,4 ,0.2, 49.1804 ETH ,11 ,0.27, 257.143 
09/17/2017, 17/54/12, BTC ,71 ,0.1, 3630.37 LTC ,2 ,0.0, 49.1804 ETH ,18 ,0.15, 257.143 
09/17/2017, 17/54/42, BTC ,54 ,0.07, 3630.37 LTC ,0 ,N/A, 49.2429 ETH ,24 ,0.12, 257.415 
09/17/2017, 17/55/13, BTC ,48 ,0.18, 3630.37 LTC ,3 ,0.1, 49.2429 ETH ,16 ,0.09, 257.415 
09/17/2017, 17/55/43, BTC ,45 ,0.09, 3630.37 LTC ,4 ,0.3, 49.2429 ETH ,27 ,0.13, 257.415 
09/17/2017, 17/56/13, BTC ,33 ,0.12, 3630.37 LTC ,2 ,0.04, 49.2429 ETH ,8 ,0.31, 257.415 
09/17/2017, 17/56/43, BTC ,38 ,0.11, 3632.32 LTC ,0 ,N/A, 49.2429 ETH ,8 ,0.09, 257.415 
09/17/2017, 17/57/14, BTC ,36 ,0.11, 3632.32 LTC ,5 ,0.1, 49.2429 ETH ,7 ,0.02, 257.415 
09/17/2017, 17/57/44, BTC ,47 ,0.11, 3632.32 LTC ,1 ,-0.48, 49.2429 ETH ,12 ,0.28, 257.415 
09/17/2017, 17/58/15, BTC ,62 ,0.09, 3632.32 LTC ,2 ,0.22, 49.2429 ETH ,7 ,0.11, 257.415 
09/17/2017, 17/58/45, BTC ,46 ,0.12, 3632.32 LTC ,1 ,0.0, 49.2429 ETH ,5 ,0.18, 257.415 
09/17/2017, 17/59/15, BTC ,65 ,0.17, 3632.32 LTC ,2 ,0.19, 49.2429 ETH ,22 ,0.13, 257.415 
09/17/2017, 17/59/47, BTC ,54 ,0.11, 3632.32 LTC ,4 ,0.24, 49.2429 ETH ,24 ,0.14, 257.415 
09/17/2017, 18/00/17, BTC ,119 ,0.09, 3632.32 LTC ,7 ,0.07, 49.2429 ETH ,40 ,0.09, 257.415 
09/17/2017, 18/00/47, BTC ,98 ,0.09, 3636.08 LTC ,7 ,-0.05, 49.2576 ETH ,21 ,0.11, 257.756 
09/17/2017, 18/01/17, BTC ,80 ,0.08, 3636.08 LTC ,4 ,0.02, 49.2576 ETH ,17 ,0.1, 257.756 
09/17/2017, 18/01/47, BTC ,70 ,0.09, 3636.08 LTC ,8 ,0.18, 49.2576 ETH ,17 ,0.46, 257.756 
09/17/2017, 18/02/19, BTC ,56 ,0.08, 3636.08 LTC ,9 ,0.16, 49.2576 ETH ,13 ,0.22, 257.756 
09/17/2017, 18/02/49, BTC ,78 ,0.16, 3636.08 LTC ,11 ,0.34, 49.2576 ETH ,21 ,0.25, 257.756 
09/17/2017, 18/03/20, BTC ,78 ,0.12, 3636.08 LTC ,4 ,0.26, 49.2576 ETH ,6 ,0.18, 257.756 
09/17/2017, 18/03/51, BTC ,53 ,0.08, 3636.08 LTC ,5 ,-0.01, 49.2576 ETH ,12 ,-0.01, 257.756 
09/17/2017, 18/04/22, BTC ,52 ,0.13, 3636.08 LTC ,1 ,0.51, 49.2576 ETH ,19 ,-0.0, 257.756 
09/17/2017, 18/04/52, BTC ,57 ,0.13, 3636.08 LTC ,8 ,0.0, 49.2623 ETH ,18 ,0.17, 257.789 
09/17/2017, 18/05/23, BTC ,70 ,0.13, 3636.08 LTC ,5 ,0.26, 49.2623 ETH ,20 ,0.16, 257.789 
09/17/2017, 18/05/54, BTC ,43 ,0.11, 3636.08 LTC ,6 ,0.31, 49.2623 ETH ,10 ,-0.02, 257.789 
09/17/2017, 18/06/24, BTC ,43 ,0.13, 3636.08 LTC ,2 ,0.03, 49.2623 ETH ,13 ,0.14, 257.789 
09/17/2017, 18/06/55, BTC ,56 ,0.13, 3635.58 LTC ,7 ,0.07, 49.2623 ETH ,14 ,0.15, 257.789 
09/17/2017, 18/07/25, BTC ,52 ,0.1, 3635.58 LTC ,3 ,0.34, 49.2623 ETH ,15 ,0.35, 257.789 
09/17/2017, 18/07/57, BTC ,45 ,0.13, 3635.58 LTC ,4 ,0.04, 49.2623 ETH ,27 ,0.17, 257.789 
09/17/2017, 18/08/29, BTC ,48 ,0.07, 3635.58 LTC ,5 ,-0.05, 49.2623 ETH ,21 ,0.12, 257.789 
09/17/2017, 18/08/59, BTC ,44 ,0.12, 3635.58 LTC ,3 ,0.11, 49.2623 ETH ,12 ,0.03, 257.789 
09/17/2017, 18/09/29, BTC ,40 ,0.07, 3635.58 LTC ,5 ,0.02, 49.2623 ETH ,13 ,0.17, 257.789 
09/17/2017, 18/10/00, BTC ,46 ,0.1, 3635.58 LTC ,2 ,0.38, 49.2623 ETH ,4 ,0.08, 257.789 
09/17/2017, 18/10/29, BTC ,65 ,0.09, 3635.58 LTC ,4 ,0.03, 49.2623 ETH ,16 ,0.11, 257.789 
09/17/2017, 18/11/00, BTC ,58 ,0.1, 3644.32 LTC ,4 ,0.17, 49.334 ETH ,14 ,0.08, 258.382 
09/17/2017, 18/11/31, BTC ,71 ,0.05, 3644.32 LTC ,7 ,-0.04, 49.334 ETH ,24 ,0.12, 258.382 
09/17/2017, 18/12/01, BTC ,54 ,0.19, 3644.32 LTC ,5 ,0.19, 49.334 ETH ,18 ,0.11, 258.382 
09/17/2017, 18/12/31, BTC ,55 ,0.1, 3644.32 LTC ,5 ,0.12, 49.334 ETH ,18 ,0.04, 258.382 
09/17/2017, 18/13/01, BTC ,43 ,0.09, 3644.32 LTC ,4 ,0.3, 49.334 ETH ,11 ,0.32, 258.382 
09/17/2017, 18/13/32, BTC ,79 ,0.11, 3644.32 LTC ,7 ,0.16, 49.334 ETH ,30 ,0.06, 258.382 
09/17/2017, 18/14/02, BTC ,76 ,0.08, 3644.32 LTC ,2 ,-0.67, 49.334 ETH ,30 ,0.09, 258.382 
09/17/2017, 18/14/33, BTC ,61 ,0.09, 3644.32 LTC ,3 ,0.22, 49.334 ETH ,38 ,0.24, 258.382 
09/17/2017, 18/15/03, BTC ,62 ,0.06, 3642.14 LTC ,3 ,0.0, 49.3915 ETH ,30 ,0.08, 258.967 
09/17/2017, 18/15/34, BTC ,64 ,0.14, 3642.14 LTC ,4 ,-0.02, 49.3915 ETH ,25 ,0.17, 258.967 
09/17/2017, 18/16/04, BTC ,53 ,0.1, 3642.14 LTC ,5 ,0.04, 49.3915 ETH ,17 ,0.1, 258.967 
09/17/2017, 18/16/35, BTC ,48 ,0.1, 3642.14 LTC ,5 ,-0.01, 49.3915 ETH ,18 ,0.03, 258.967 
09/17/2017, 18/17/05, BTC ,48 ,0.09, 3642.14 LTC ,5 ,0.02, 49.3915 ETH ,16 ,0.33, 258.967 
09/17/2017, 18/17/35, BTC ,54 ,0.09, 3642.14 LTC ,1 ,0.4, 49.3915 ETH ,27 ,0.09, 258.967 
09/17/2017, 18/18/06, BTC ,51 ,0.14, 3642.14 LTC ,4 ,-0.01, 49.3915 ETH ,11 ,-0.02, 258.967 
09/17/2017, 18/18/36, BTC ,51 ,0.08, 3642.14 LTC ,2 ,0.23, 49.3915 ETH ,13 ,0.12, 258.967 
09/17/2017, 18/19/07, BTC ,43 ,0.17, 3642.14 LTC ,4 ,0.11, 49.3915 ETH ,11 ,-0.04, 258.967 
09/17/2017, 18/19/38, BTC ,42 ,0.09, 3642.14 LTC ,2 ,0.15, 49.3915 ETH ,5 ,0.12, 258.967 
09/17/2017, 18/20/08, BTC ,52 ,0.05, 3642.14 LTC ,3 ,0.0, 49.3915 ETH ,17 ,0.11, 258.967 
09/17/2017, 18/20/38, BTC ,55 ,0.08, 3642.14 LTC ,4 ,0.21, 49.3915 ETH ,12 ,0.19, 258.967 
09/17/2017, 18/21/09, BTC ,56 ,0.18, 3651.05 LTC ,7 ,0.03, 49.5266 ETH ,10 ,-0.03, 260.363 
09/17/2017, 18/21/40, BTC ,40 ,0.12, 3651.05 LTC ,6 ,0.33, 49.5266 ETH ,11 ,0.25, 260.363 
09/17/2017, 18/22/10, BTC ,37 ,0.14, 3651.05 LTC ,6 ,0.13, 49.5266 ETH ,10 ,0.28, 260.363 
09/17/2017, 18/22/41, BTC ,76 ,0.06, 3651.05 LTC ,5 ,0.3, 49.5266 ETH ,11 ,0.21, 260.363 
09/17/2017, 18/23/11, BTC ,40 ,0.15, 3651.05 LTC ,6 ,0.0, 49.5266 ETH ,14 ,0.29, 260.363 
09/17/2017, 18/23/41, BTC ,46 ,0.13, 3651.05 LTC ,5 ,0.14, 49.5266 ETH ,3 ,0.3, 260.363 
09/17/2017, 18/24/11, BTC ,48 ,0.07, 3651.05 LTC ,1 ,0.0, 49.5266 ETH ,9 ,0.01, 260.363 
09/17/2017, 18/24/41, BTC ,44 ,0.13, 3651.05 LTC ,2 ,0.22, 49.5266 ETH ,19 ,0.25, 260.363 
09/17/2017, 18/25/12, BTC ,50 ,0.1, 3654.43 LTC ,1 ,0.0, 49.5773 ETH ,22 ,0.06, 261.005 
09/17/2017, 18/25/43, BTC ,50 ,0.12, 3654.43 LTC ,3 ,0.21, 49.5773 ETH ,15 ,0.06, 261.005 
09/17/2017, 18/26/13, BTC ,65 ,0.12, 3654.43 LTC ,7 ,-0.11, 49.5773 ETH ,28 ,0.1, 261.005 
09/17/2017, 18/26/43, BTC ,46 ,0.1, 3654.43 LTC ,2 ,-0.24, 49.5773 ETH ,23 ,0.16, 261.005 
09/17/2017, 18/27/14, BTC ,57 ,0.1, 3654.43 LTC ,6 ,0.43, 49.5773 ETH ,27 ,0.13, 261.005 
09/17/2017, 18/27/44, BTC ,50 ,0.13, 3654.43 LTC ,2 ,0.25, 49.5773 ETH ,18 ,0.17, 261.005 
09/17/2017, 18/28/15, BTC ,64 ,0.09, 3654.43 LTC ,5 ,0.07, 49.5773 ETH ,20 ,0.04, 261.005 
09/17/2017, 18/28/45, BTC ,61 ,0.1, 3654.43 LTC ,8 ,0.06, 49.5773 ETH ,21 ,0.14, 261.005 
09/17/2017, 18/29/15, BTC ,48 ,0.09, 3654.43 LTC ,5 ,0.05, 49.5773 ETH ,6 ,0.06, 261.005 
09/17/2017, 18/29/47, BTC ,34 ,0.13, 3654.43 LTC ,2 ,0.38, 49.5773 ETH ,15 ,0.07, 261.005 
09/17/2017, 18/30/18, BTC ,111 ,0.07, 3654.43 LTC ,9 ,0.01, 49.5773 ETH ,39 ,0.1, 261.005 
09/17/2017, 18/30/49, BTC ,31 ,0.1, 3654.43 LTC ,2 ,-0.05, 49.5773 ETH ,12 ,0.2, 261.005 
09/17/2017, 18/31/19, BTC ,62 ,0.13, 3658.98 LTC ,5 ,0.13, 49.6466 ETH ,30 ,0.09, 262.65 
09/17/2017, 18/31/49, BTC ,57 ,0.14, 3658.98 LTC ,9 ,0.12, 49.6466 ETH ,14 ,0.01, 262.65 
09/17/2017, 18/32/19, BTC ,49 ,0.09, 3658.98 LTC ,5 ,0.15, 49.6466 ETH ,7 ,0.08, 262.65 
09/17/2017, 18/32/50, BTC ,63 ,0.12, 3658.98 LTC ,7 ,0.09, 49.6466 ETH ,11 ,0.0, 262.65 
09/17/2017, 18/33/21, BTC ,75 ,0.18, 3658.98 LTC ,13 ,0.28, 49.6466 ETH ,23 ,0.25, 262.65 
09/17/2017, 18/33/51, BTC ,50 ,0.12, 3658.98 LTC ,6 ,0.24, 49.6466 ETH ,20 ,0.02, 262.65 
09/17/2017, 18/34/22, BTC ,46 ,0.15, 3658.98 LTC ,8 ,0.02, 49.6466 ETH ,23 ,0.2, 262.65 
09/17/2017, 18/34/52, BTC ,32 ,0.1, 3658.98 LTC ,3 ,0.12, 49.6466 ETH ,17 ,0.13, 262.65 
09/17/2017, 18/35/22, BTC ,45 ,0.11, 3660.72 LTC ,9 ,0.2, 49.7738 ETH ,19 ,0.17, 262.945 
09/17/2017, 18/35/53, BTC ,53 ,0.15, 3660.72 LTC ,5 ,0.03, 49.7738 ETH ,13 ,0.2, 262.945 
09/17/2017, 18/36/23, BTC ,49 ,0.14, 3660.72 LTC ,4 ,-0.07, 49.7738 ETH ,12 ,0.07, 262.945 
09/17/2017, 18/36/54, BTC ,54 ,0.09, 3660.72 LTC ,1 ,-0.38, 49.7738 ETH ,14 ,0.19, 262.945 
09/17/2017, 18/37/26, BTC ,45 ,0.04, 3660.72 LTC ,4 ,0.24, 49.7738 ETH ,15 ,0.26, 262.945 
09/17/2017, 18/37/58, BTC ,14 ,0.08, 3660.72 LTC ,2 ,-0.05, 49.7738 ETH ,5 ,0.11, 262.945 
09/17/2017, 18/38/28, BTC ,61 ,0.12, 3660.72 LTC ,4 ,0.04, 49.7738 ETH ,25 ,0.09, 262.945 
09/17/2017, 18/39/00, BTC ,42 ,0.15, 3660.72 LTC ,7 ,0.13, 49.7738 ETH ,12 ,0.18, 262.945 
09/17/2017, 18/39/31, BTC ,55 ,0.05, 3660.72 LTC ,4 ,0.11, 49.7738 ETH ,22 ,0.13, 262.945 
09/17/2017, 18/40/01, BTC ,40 ,0.16, 3660.72 LTC ,4 ,0.09, 49.7738 ETH ,13 ,0.29, 262.945 
09/17/2017, 18/40/31, BTC ,64 ,0.08, 3660.72 LTC ,7 ,0.06, 49.7738 ETH ,38 ,0.16, 262.945 
09/17/2017, 18/41/01, BTC ,37 ,0.01, 3661.65 LTC ,1 ,0.0, 49.6649 ETH ,13 ,0.1, 262.935 
09/17/2017, 18/41/32, BTC ,33 ,0.12, 3661.65 LTC ,4 ,-0.01, 49.6649 ETH ,15 ,0.21, 262.935 
09/17/2017, 18/42/02, BTC ,18 ,0.24, 3661.65 LTC ,1 ,-0.15, 49.6649 ETH ,8 ,0.29, 262.935 
09/17/2017, 18/42/33, BTC ,53 ,0.11, 3661.65 LTC ,4 ,0.0, 49.6649 ETH ,23 ,0.21, 262.935 
09/17/2017, 18/43/04, BTC ,47 ,0.04, 3661.65 LTC ,2 ,0.04, 49.6649 ETH ,14 ,0.07, 262.935 
09/17/2017, 18/43/34, BTC ,58 ,0.09, 3661.65 LTC ,1 ,0.0, 49.6649 ETH ,14 ,0.11, 262.935 
09/17/2017, 18/44/04, BTC ,31 ,0.22, 3661.65 LTC ,5 ,0.21, 49.6649 ETH ,16 ,0.12, 262.935 
09/17/2017, 18/44/36, BTC ,40 ,0.15, 3661.65 LTC ,4 ,0.11, 49.6649 ETH ,7 ,0.38, 262.935 
09/17/2017, 18/45/06, BTC ,35 ,0.16, 3646.58 LTC ,6 ,0.36, 49.3751 ETH ,11 ,0.4, 262.335 
09/17/2017, 18/45/36, BTC ,45 ,0.14, 3646.58 LTC ,3 ,0.05, 49.3751 ETH ,23 ,0.03, 262.335 
09/17/2017, 18/46/06, BTC ,29 ,0.12, 3646.58 LTC ,1 ,0.44, 49.3751 ETH ,10 ,0.19, 262.335 
09/17/2017, 18/46/40, BTC ,28 ,0.16, 3646.58 LTC ,5 ,0.02, 49.3751 ETH ,17 ,0.37, 262.335 
09/17/2017, 18/47/11, BTC ,27 ,0.13, 3646.58 LTC ,4 ,0.15, 49.3751 ETH ,12 ,0.35, 262.335 
09/17/2017, 18/47/41, BTC ,33 ,0.06, 3646.58 LTC ,4 ,0.0, 49.3751 ETH ,17 ,0.15, 262.335 
09/17/2017, 18/48/19, BTC ,48 ,0.12, 3646.58 LTC ,5 ,0.13, 49.3751 ETH ,17 ,0.26, 262.335 
09/17/2017, 18/48/50, BTC ,28 ,0.1, 3646.58 LTC ,2 ,0.28, 49.3751 ETH ,13 ,0.08, 262.335 
09/17/2017, 18/49/21, BTC ,25 ,0.15, 3646.58 LTC ,3 ,0.37, 49.3751 ETH ,15 ,0.17, 262.335 
09/17/2017, 18/49/53, BTC ,38 ,0.11, 3646.58 LTC ,4 ,0.0, 49.3751 ETH ,16 ,0.11, 262.335 
09/17/2017, 18/50/24, BTC ,43 ,0.07, 3646.58 LTC ,2 ,0.08, 49.3751 ETH ,24 ,0.15, 262.335 
09/17/2017, 18/50/54, BTC ,26 ,0.17, 3646.58 LTC ,4 ,0.28, 49.3751 ETH ,15 ,0.26, 262.335 
09/17/2017, 18/51/25, BTC ,18 ,0.04, 3648.46 LTC ,2 ,0.77, 49.5331 ETH ,11 ,0.35, 262.176 
09/17/2017, 18/51/57, BTC ,34 ,0.03, 3648.46 LTC ,4 ,0.12, 49.5331 ETH ,6 ,-0.11, 262.176 
09/17/2017, 18/52/27, BTC ,46 ,0.04, 3648.46 LTC ,10 ,0.03, 49.5331 ETH ,10 ,0.08, 262.176 
09/17/2017, 18/52/58, BTC ,24 ,0.04, 3648.46 LTC ,2 ,-0.2, 49.5331 ETH ,15 ,0.15, 262.176 
09/17/2017, 18/53/28, BTC ,31 ,0.07, 3648.46 LTC ,7 ,0.24, 49.5331 ETH ,13 ,0.29, 262.176 
09/17/2017, 18/53/59, BTC ,27 ,-0.04, 3648.46 LTC ,0 ,N/A, 49.5331 ETH ,16 ,0.23, 262.176 
09/17/2017, 18/54/29, BTC ,35 ,0.17, 3648.46 LTC ,3 ,0.08, 49.5331 ETH ,18 ,0.06, 262.176 
09/17/2017, 18/55/01, BTC ,17 ,0.05, 3648.46 LTC ,1 ,0.0, 49.5331 ETH ,14 ,0.13, 262.176 
09/17/2017, 18/55/31, BTC ,28 ,0.12, 3645.36 LTC ,5 ,0.24, 49.5806 ETH ,11 ,0.2, 262.721 
09/17/2017, 18/56/02, BTC ,30 ,0.15, 3645.36 LTC ,3 ,0.27, 49.5806 ETH ,16 ,0.27, 262.721 
09/17/2017, 18/56/33, BTC ,33 ,0.11, 3645.36 LTC ,6 ,0.25, 49.5806 ETH ,17 ,0.26, 262.721 
09/17/2017, 18/57/05, BTC ,21 ,-0.07, 3645.36 LTC ,6 ,0.01, 49.5806 ETH ,15 ,0.15, 262.721 
09/17/2017, 18/57/39, BTC ,31 ,0.21, 3645.36 LTC ,4 ,0.25, 49.5806 ETH ,16 ,0.28, 262.721 
09/17/2017, 18/58/10, BTC ,36 ,0.1, 3645.36 LTC ,5 ,0.24, 49.5806 ETH ,13 ,0.02, 262.721 
09/17/2017, 18/58/41, BTC ,27 ,0.08, 3645.36 LTC ,8 ,-0.04, 49.5806 ETH ,19 ,0.2, 262.721 
09/17/2017, 18/59/13, BTC ,22 ,0.14, 3645.36 LTC ,5 ,0.25, 49.62 ETH ,16 ,0.32, 262.721 
09/17/2017, 18/59/44, BTC ,21 ,0.05, 3645.36 LTC ,1 ,0.0, 49.62 ETH ,8 ,0.21, 262.721 
09/17/2017, 19/00/15, BTC ,106 ,0.11, 3645.36 LTC ,15 ,0.11, 49.62 ETH ,54 ,0.15, 262.721 
09/17/2017, 19/00/45, BTC ,90 ,0.06, 3645.36 LTC ,11 ,0.01, 49.62 ETH ,23 ,0.1, 262.721 
09/17/2017, 19/01/16, BTC ,54 ,0.18, 3652.67 LTC ,8 ,0.01, 49.62 ETH ,27 ,0.03, 263.593 
09/17/2017, 19/01/46, BTC ,49 ,0.03, 3652.67 LTC ,3 ,0.19, 49.62 ETH ,14 ,0.12, 263.593 
09/17/2017, 19/02/16, BTC ,42 ,0.12, 3652.67 LTC ,7 ,0.08, 49.62 ETH ,35 ,0.19, 263.593 
09/17/2017, 19/02/46, BTC ,56 ,0.18, 3652.67 LTC ,9 ,0.07, 49.62 ETH ,39 ,0.21, 263.593 
09/17/2017, 19/03/17, BTC ,62 ,0.27, 3652.67 LTC ,11 ,0.4, 49.62 ETH ,32 ,0.24, 263.593 
09/17/2017, 19/03/49, BTC ,60 ,0.09, 3652.67 LTC ,12 ,0.13, 49.62 ETH ,28 ,0.18, 263.593 
09/17/2017, 19/04/19, BTC ,28 ,0.06, 3652.67 LTC ,3 ,0.42, 49.62 ETH ,21 ,0.16, 263.593 
09/17/2017, 19/04/49, BTC ,36 ,0.09, 3652.67 LTC ,4 ,0.2, 49.62 ETH ,21 ,0.13, 263.593 
09/17/2017, 19/05/20, BTC ,44 ,0.05, 3661.19 LTC ,6 ,0.05, 49.8398 ETH ,18 ,0.22, 265.674 
09/17/2017, 19/05/50, BTC ,27 ,0.16, 3661.19 LTC ,4 ,0.18, 49.8398 ETH ,13 ,0.09, 265.674 
09/17/2017, 19/06/22, BTC ,23 ,0.05, 3661.19 LTC ,3 ,0.01, 49.8398 ETH ,13 ,0.14, 265.674 
09/17/2017, 19/06/53, BTC ,26 ,0.02, 3661.19 LTC ,4 ,0.21, 49.8398 ETH ,14 ,0.02, 265.674 
09/17/2017, 19/07/23, BTC ,33 ,0.07, 3661.19 LTC ,3 ,0.0, 49.8398 ETH ,11 ,0.08, 265.674 
09/17/2017, 19/07/53, BTC ,21 ,0.15, 3661.19 LTC ,6 ,0.06, 49.8398 ETH ,22 ,0.21, 265.674 
09/17/2017, 19/08/28, BTC ,26 ,0.02, 3661.19 LTC ,4 ,0.0, 49.8398 ETH ,24 ,0.14, 265.674 
09/17/2017, 19/08/59, BTC ,46 ,0.01, 3661.19 LTC ,7 ,0.19, 49.8398 ETH ,35 ,0.05, 265.674 
09/17/2017, 19/09/30, BTC ,42 ,0.08, 3661.19 LTC ,6 ,0.16, 49.9092 ETH ,16 ,0.21, 265.674 
09/17/2017, 19/10/01, BTC ,27 ,0.08, 3661.19 LTC ,3 ,0.1, 49.9092 ETH ,16 ,0.05, 265.674 
09/17/2017, 19/10/32, BTC ,37 ,0.02, 3661.19 LTC ,2 ,0.08, 49.9092 ETH ,22 ,0.08, 265.674 
09/17/2017, 19/11/04, BTC ,38 ,0.07, 3661.19 LTC ,6 ,0.17, 49.9092 ETH ,14 ,0.04, 265.674 
09/17/2017, 19/11/34, BTC ,41 ,0.11, 3666.46 LTC ,6 ,0.07, 49.9092 ETH ,27 ,0.08, 267.726 
09/17/2017, 19/12/05, BTC ,30 ,0.1, 3666.46 LTC ,4 ,0.25, 49.9092 ETH ,12 ,0.02, 267.726 
09/17/2017, 19/12/36, BTC ,35 ,0.12, 3666.46 LTC ,3 ,0.14, 49.9092 ETH ,20 ,0.03, 267.726 
09/17/2017, 19/13/07, BTC ,28 ,0.14, 3666.46 LTC ,4 ,0.04, 49.9092 ETH ,22 ,0.11, 267.726 
09/17/2017, 19/13/38, BTC ,42 ,0.09, 3666.46 LTC ,6 ,0.01, 49.9092 ETH ,28 ,0.24, 267.726 
09/17/2017, 19/14/08, BTC ,28 ,0.23, 3666.46 LTC ,2 ,0.65, 49.9092 ETH ,30 ,0.18, 267.726 
09/17/2017, 19/14/39, BTC ,26 ,0.05, 3666.46 LTC ,6 ,0.09, 49.9092 ETH ,18 ,0.12, 267.726 
09/17/2017, 19/15/09, BTC ,38 ,0.12, 3666.46 LTC ,6 ,0.09, 49.9092 ETH ,9 ,0.05, 267.726 
09/17/2017, 19/15/40, BTC ,50 ,0.13, 3674.27 LTC ,9 ,0.09, 50.0115 ETH ,38 ,0.13, 271.095 
09/17/2017, 19/16/11, BTC ,35 ,0.09, 3674.27 LTC ,6 ,0.16, 50.0115 ETH ,31 ,0.11, 271.095 
09/17/2017, 19/16/42, BTC ,30 ,0.19, 3674.27 LTC ,2 ,0.12, 50.0115 ETH ,24 ,0.25, 271.095 
09/17/2017, 19/17/12, BTC ,42 ,0.1, 3674.27 LTC ,3 ,0.14, 50.0115 ETH ,36 ,0.16, 271.095 
09/17/2017, 19/17/43, BTC ,34 ,0.1, 3674.27 LTC ,1 ,0.0, 50.0115 ETH ,34 ,0.18, 271.095 
09/17/2017, 19/18/13, BTC ,45 ,0.13, 3674.27 LTC ,3 ,0.05, 50.0115 ETH ,15 ,0.21, 271.095 
09/17/2017, 19/18/43, BTC ,19 ,0.15, 3674.27 LTC ,2 ,0.0, 50.0115 ETH ,22 ,0.06, 271.095 
09/17/2017, 19/19/15, BTC ,36 ,0.13, 3674.27 LTC ,5 ,0.23, 50.0115 ETH ,21 ,0.13, 271.095 
09/17/2017, 19/19/47, BTC ,34 ,0.09, 3674.27 LTC ,2 ,0.22, 50.3917 ETH ,16 ,0.15, 271.095 
09/17/2017, 19/20/17, BTC ,42 ,0.14, 3674.27 LTC ,9 ,0.01, 50.3917 ETH ,20 ,0.17, 271.095 
09/17/2017, 19/20/48, BTC ,42 ,0.14, 3674.27 LTC ,5 ,0.1, 50.3917 ETH ,34 ,0.15, 271.095 
09/17/2017, 19/21/19, BTC ,44 ,0.1, 3674.27 LTC ,13 ,-0.13, 50.3917 ETH ,23 ,0.19, 271.095 
09/17/2017, 19/21/52, BTC ,18 ,0.2, 3692.46 LTC ,1 ,0.64, 50.3917 ETH ,14 ,0.1, 274.424 
09/17/2017, 19/22/23, BTC ,44 ,0.07, 3692.46 LTC ,3 ,0.05, 50.3917 ETH ,25 ,0.16, 274.424 
09/17/2017, 19/22/54, BTC ,34 ,0.17, 3692.46 LTC ,5 ,0.12, 50.3917 ETH ,20 ,0.07, 274.424 
09/17/2017, 19/23/29, BTC ,54 ,0.12, 3692.46 LTC ,6 ,0.04, 50.3917 ETH ,27 ,0.04, 274.424 
09/17/2017, 19/24/00, BTC ,23 ,0.14, 3692.46 LTC ,3 ,-0.07, 50.3917 ETH ,10 ,0.29, 274.424 
09/17/2017, 19/24/30, BTC ,47 ,0.16, 3692.46 LTC ,3 ,-0.2, 50.3917 ETH ,13 ,0.3, 274.424 
09/17/2017, 19/25/01, BTC ,22 ,0.13, 3692.46 LTC ,3 ,0.19, 50.3917 ETH ,17 ,0.15, 274.424 
09/17/2017, 19/25/31, BTC ,46 ,0.08, 3704.18 LTC ,5 ,0.02, 50.3902 ETH ,26 ,0.22, 271.637 
09/17/2017, 19/26/02, BTC ,50 ,-0.01, 3704.18 LTC ,1 ,0.0, 50.3902 ETH ,32 ,0.03, 271.637 
09/17/2017, 19/26/35, BTC ,64 ,0.12, 3704.18 LTC ,5 ,0.04, 50.3902 ETH ,38 ,0.16, 271.637 
09/17/2017, 19/27/06, BTC ,28 ,0.08, 3704.18 LTC ,1 ,0.08, 50.3902 ETH ,24 ,0.22, 271.637 
09/17/2017, 19/27/37, BTC ,43 ,0.14, 3704.18 LTC ,3 ,0.31, 50.3902 ETH ,20 ,0.31, 271.637 
09/17/2017, 19/28/08, BTC ,28 ,0.04, 3704.18 LTC ,1 ,0.0, 50.3902 ETH ,7 ,0.3, 271.637 
09/17/2017, 19/28/39, BTC ,57 ,0.13, 3704.18 LTC ,4 ,0.02, 50.3902 ETH ,18 ,0.2, 271.637 
09/17/2017, 19/29/12, BTC ,17 ,0.08, 3704.18 LTC ,4 ,0.36, 50.3902 ETH ,21 ,0.16, 271.637 
09/17/2017, 19/29/43, BTC ,41 ,-0.01, 3704.18 LTC ,6 ,0.0, 50.2669 ETH ,31 ,0.26, 271.637 
09/17/2017, 19/30/13, BTC ,66 ,0.02, 3704.18 LTC ,7 ,0.32, 50.2669 ETH ,25 ,0.14, 271.637 
09/17/2017, 19/30/45, BTC ,48 ,0.07, 3704.18 LTC ,8 ,0.25, 50.2669 ETH ,23 ,0.1, 271.637 
09/17/2017, 19/31/15, BTC ,39 ,0.09, 3704.18 LTC ,6 ,0.04, 50.2669 ETH ,21 ,0.14, 271.637 
09/17/2017, 19/31/45, BTC ,33 ,0.12, 3693.66 LTC ,2 ,0.17, 50.2669 ETH ,16 ,0.11, 271.729 
09/17/2017, 19/32/16, BTC ,39 ,0.12, 3693.66 LTC ,2 ,0.0, 50.2669 ETH ,16 ,0.22, 271.729 
09/17/2017, 19/32/46, BTC ,45 ,0.16, 3693.66 LTC ,2 ,-0.2, 50.2669 ETH ,11 ,0.23, 271.729 
09/17/2017, 19/33/16, BTC ,45 ,0.05, 3693.66 LTC ,5 ,0.26, 50.2669 ETH ,14 ,0.14, 271.729 
09/17/2017, 19/33/47, BTC ,41 ,0.22, 3693.66 LTC ,12 ,0.44, 50.2669 ETH ,23 ,0.15, 271.729 
09/17/2017, 19/34/18, BTC ,32 ,0.21, 3693.66 LTC ,10 ,0.18, 50.2669 ETH ,23 ,0.17, 271.729 
09/17/2017, 19/34/48, BTC ,31 ,0.1, 3693.66 LTC ,2 ,0.01, 50.2669 ETH ,13 ,0.22, 271.729 
09/17/2017, 19/35/19, BTC ,28 ,0.08, 3693.66 LTC ,7 ,-0.1, 50.2669 ETH ,17 ,0.25, 271.729 
09/17/2017, 19/35/49, BTC ,28 ,0.18, 3690.02 LTC ,1 ,0.39, 50.2987 ETH ,14 ,0.15, 274.82 
09/17/2017, 19/36/19, BTC ,40 ,0.08, 3690.02 LTC ,7 ,0.02, 50.2987 ETH ,19 ,0.12, 274.82 
09/17/2017, 19/36/51, BTC ,28 ,-0.0, 3690.02 LTC ,3 ,0.19, 50.2987 ETH ,16 ,0.15, 274.82 
09/17/2017, 19/37/21, BTC ,44 ,0.1, 3690.02 LTC ,5 ,0.08, 50.2987 ETH ,23 ,0.16, 274.82 
09/17/2017, 19/37/53, BTC ,24 ,-0.02, 3690.02 LTC ,1 ,0.84, 50.2987 ETH ,12 ,0.29, 274.82 
09/17/2017, 19/38/24, BTC ,43 ,0.02, 3690.02 LTC ,3 ,-0.1, 50.2987 ETH ,21 ,0.2, 274.82 
09/17/2017, 19/38/56, BTC ,26 ,0.03, 3690.02 LTC ,2 ,-0.34, 50.2987 ETH ,26 ,0.09, 274.82 
09/17/2017, 19/39/26, BTC ,28 ,-0.09, 3690.02 LTC ,2 ,-0.4, 50.2987 ETH ,34 ,0.14, 274.82 
09/17/2017, 19/39/56, BTC ,31 ,0.07, 3690.02 LTC ,0 ,N/A, 50.2962 ETH ,25 ,0.22, 274.82 
09/17/2017, 19/40/29, BTC ,40 ,-0.0, 3690.02 LTC ,8 ,0.18, 50.2962 ETH ,26 ,-0.05, 274.82 
09/17/2017, 19/41/00, BTC ,31 ,0.03, 3690.02 LTC ,2 ,0.08, 50.2962 ETH ,12 ,0.24, 274.82 
09/17/2017, 19/41/31, BTC ,26 ,0.19, 3690.02 LTC ,6 ,0.0, 50.2962 ETH ,21 ,0.2, 274.82 
09/17/2017, 19/42/01, BTC ,21 ,0.02, 3690.01 LTC ,3 ,0.0, 50.2962 ETH ,10 ,0.2, 273.125 
09/17/2017, 19/42/32, BTC ,45 ,0.14, 3690.01 LTC ,6 ,0.13, 50.2962 ETH ,33 ,0.24, 273.125 
09/17/2017, 19/43/03, BTC ,39 ,0.11, 3690.01 LTC ,3 ,0.16, 50.2962 ETH ,17 ,-0.08, 273.125 
09/17/2017, 19/43/34, BTC ,59 ,0.14, 3690.01 LTC ,7 ,0.3, 50.2962 ETH ,29 ,0.11, 273.125 
09/17/2017, 19/44/05, BTC ,31 ,0.02, 3690.01 LTC ,3 ,0.13, 50.2962 ETH ,27 ,0.01, 273.125 
09/17/2017, 19/44/37, BTC ,36 ,0.03, 3690.01 LTC ,7 ,0.01, 50.2962 ETH ,24 ,0.07, 273.125 
09/17/2017, 19/45/07, BTC ,42 ,0.05, 3690.01 LTC ,4 ,-0.27, 50.2962 ETH ,17 ,0.18, 273.125 
09/17/2017, 19/45/37, BTC ,39 ,0.13, 3694.02 LTC ,2 ,0.0, 50.3731 ETH ,23 ,0.16, 274.12 
09/17/2017, 19/46/08, BTC ,23 ,0.1, 3694.02 LTC ,2 ,0.0, 50.3731 ETH ,17 ,0.06, 274.12 
09/17/2017, 19/46/38, BTC ,22 ,0.02, 3694.02 LTC ,3 ,0.33, 50.3731 ETH ,17 ,-0.0, 274.12 
